Band,Age,year,2010,2011,2012,2013,2014,2015,2016,2017,2018,2019,2020,2021,2022,2023,2024,Include in analysis
162-64538,P,2011,0,1,0,0,0,0,0,0,0,0,0,0,0,0,0,FALSE
162-64539,P,2011,0,1,0,0,0,0,0,0,0,0,0,0,0,0,0,FALSE
162-64540,P,2011,0,1,0,0,0,0,0,0,0,0,0,0,0,0,0,FALSE
162-64541,P,2011,0,1,0,0,0,0,0,0,0,0,0,1,1,1,0,TRUE
162-64542,P,2011,0,1,0,0,0,0,0,0,0,0,0,0,0,0,0,FALSE
162-64543,P,2011,0,1,0,0,0,0,0,0,0,0,0,0,0,0,0,FALSE
162-64544,P,2011,0,1,0,0,0,0,0,0,0,0,0,1,0,0,0,TRUE
162-64545,P,2011,0,1,0,0,0,0,0,0,0,0,0,1,0,0,1,TRUE
162-64546,P,2011,0,1,0,0,0,0,0,0,0,0,0,0,0,0,0,FALSE
162-64547,P,2011,0,1,0,0,0,0,0,0,0,0,0,0,0,0,0,FALSE
162-64548,P,2011,0,1,0,0,0,0,0,0,0,0,0,0,0,0,0,FALSE
162-64549,P,2011,0,1,0,0,0,0,0,0,0,0,0,0,0,0,0,FALSE
162-64579,P,2010,1,0,0,0,0,0,0,0,0,0,0,0,0,0,0,FALSE
162-64580,P,2010,1,0,0,0,0,0,0,0,0,0,0,0,0,0,0,FALSE
162-64581,P,2010,1,0,0,0,0,0,0,0,0,0,0,0,0,0,0,FALSE
162-64582,P,2010,1,0,0,0,0,0,0,0,0,0,0,0,0,0,0,FALSE
162-64583,P,2010,1,0,0,0,0,0,0,0,0,0,0,0,0,0,0,FALSE
162-64584,P,2010,1,0,0,0,0,0,0,0,0,0,0,0,0,0,0,FALSE
162-64586,P,2010,1,0,0,0,0,0,0,0,0,0,0,0,0,0,0,FALSE
162-64587,P,2010,1,0,0,0,0,0,0,0,0,0,0,0,0,1,0,TRUE
162-64588,P,2010,1,0,0,0,0,0,0,0,0,0,0,0,0,0,0,FALSE
162-64589,P,2010,1,0,0,0,0,0,0,0,0,0,0,0,0,0,0,FALSE
162-64590,P,2011,0,1,0,0,0,0,0,0,0,0,0,0,0,0,0,FALSE
162-64591,P,2011,0,1,0,0,0,0,0,0,0,0,0,0,0,0,0,FALSE
162-64592,P,2011,0,1,0,0,0,0,0,0,0,0,0,0,0,0,0,FALSE
162-64593,P,2011,0,1,0,0,0,0,0,0,0,0,0,0,0,0,0,FALSE
162-64594,P,2011,0,1,0,0,0,0,0,0,0,0,0,0,0,0,0,FALSE
162-64595,P,2011,0,1,0,0,0,0,0,0,0,0,0,0,0,0,0,FALSE
162-64596,P,2011,0,1,0,0,0,0,0,0,0,0,0,0,0,0,0,FALSE
162-64597,P,2011,0,1,0,0,0,0,0,0,0,0,0,0,0,0,0,FALSE
162-64598,P,2011,0,1,0,0,0,0,0,0,0,0,0,0,0,0,0,FALSE
162-79104,P,2012,0,0,1,0,0,0,0,0,0,0,0,0,0,0,0,FALSE
162-79105,P,2012,0,0,1,0,0,0,0,0,0,0,0,0,0,0,0,FALSE
162-79106,P,2012,0,0,1,0,0,0,0,0,0,0,1,1,0,0,0,TRUE
162-79107,P,2012,0,0,1,0,0,0,0,0,0,0,0,0,0,0,0,FALSE
162-79108,P,2012,0,0,1,0,0,0,0,0,0,0,0,0,0,0,0,FALSE
162-79109,P,2012,0,0,1,0,0,0,0,0,0,0,0,0,0,0,0,FALSE
162-79110,P,2012,0,0,1,0,0,0,0,0,0,0,0,0,0,0,0,FALSE
162-79111,P,2012,0,0,1,0,0,0,0,0,0,0,0,0,0,0,0,FALSE
162-79112,P,2012,0,0,1,0,0,0,0,0,0,0,0,0,0,0,0,FALSE
162-79113,P,2012,0,0,1,0,0,0,0,0,0,0,0,0,0,1,0,TRUE
162-79114,P,2012,0,0,1,0,0,0,0,0,0,0,0,0,0,0,0,FALSE
162-79115,P,2012,0,0,1,0,0,0,0,0,0,0,0,0,0,0,0,FALSE
162-79116,P,2012,0,0,1,0,0,0,0,0,0,0,0,0,0,0,0,FALSE
162-79117,P,2012,0,0,1,0,0,0,0,0,0,0,0,0,0,0,0,FALSE
162-79118,P,2012,0,0,1,0,0,0,0,0,0,0,0,1,1,1,0,TRUE
162-79119,P,2012,0,0,1,0,0,0,0,0,0,0,0,0,0,0,0,FALSE
162-79120,P,2012,0,0,1,0,0,0,0,0,0,0,0,0,0,0,0,FALSE
162-79121,P,2012,0,0,1,0,0,0,0,0,0,0,0,0,0,0,0,FALSE
162-79122,P,2012,0,0,1,0,0,0,0,0,0,0,0,0,0,0,0,FALSE
162-79123,P,2012,0,0,1,0,0,0,0,0,0,0,0,0,0,0,0,FALSE
162-79124,P,2012,0,0,1,0,0,0,0,0,0,0,0,0,0,0,0,FALSE
162-79125,P,2012,0,0,1,0,0,0,0,0,0,0,0,0,0,0,0,FALSE
162-79126,P,2012,0,0,1,0,0,0,0,0,0,0,0,0,0,0,0,FALSE
162-79127,P,2012,0,0,1,0,0,0,0,0,0,0,0,0,0,0,0,FALSE
162-79128,P,2012,0,0,1,0,0,0,0,0,0,0,0,0,0,0,0,FALSE
162-79129,P,2012,0,0,1,0,0,0,0,0,0,0,0,0,0,0,0,FALSE
162-79130,P,2012,0,0,1,0,0,0,0,0,0,0,0,0,0,0,0,FALSE
162-79131,P,2012,0,0,1,0,0,0,0,0,0,0,0,0,0,0,0,FALSE
162-79132,P,2012,0,0,1,0,0,0,0,0,0,0,1,0,0,0,1,TRUE
162-79133,P,2012,0,0,1,0,0,0,0,0,0,0,0,0,0,0,0,FALSE
162-79134,P,2012,0,0,1,0,0,0,0,0,0,0,0,0,0,0,0,FALSE
162-79135,P,2012,0,0,1,0,0,0,0,0,0,0,0,0,0,0,0,FALSE
162-79136,P,2012,0,0,1,0,0,0,0,0,0,0,0,0,0,0,0,FALSE
162-79137,P,2012,0,0,1,0,0,0,0,0,0,0,0,0,0,0,0,FALSE
162-79138,P,2012,0,0,1,0,0,0,0,0,0,0,0,0,0,0,0,FALSE
162-79801,A,2013,0,0,0,1,0,0,0,0,0,0,0,0,0,0,0,TRUE
162-79802,A,2013,0,0,0,1,0,0,0,0,0,0,0,0,0,0,0,TRUE
162-79803,A,2013,0,0,0,1,0,0,0,0,0,0,0,0,0,0,0,TRUE
162-79804,A,2013,0,0,0,1,0,0,0,0,0,0,0,0,0,0,0,TRUE
162-79805,A,2013,0,0,0,1,0,0,0,0,0,0,0,0,0,0,0,TRUE
162-79806,A,2013,0,0,0,1,0,0,0,0,0,0,0,0,0,0,0,TRUE
162-79807,A,2013,0,0,0,1,0,0,0,0,0,0,0,0,0,0,0,TRUE
162-79808,A,2013,0,0,0,1,0,0,0,0,0,0,1,1,0,0,1,TRUE
162-79809,A,2013,0,0,0,1,0,0,0,0,0,0,0,0,0,0,0,TRUE
162-79810,A,2013,0,0,0,1,0,0,0,0,0,0,0,0,0,0,0,TRUE
162-79811,A,2013,0,0,0,1,0,0,0,0,0,0,0,0,0,0,0,TRUE
162-79812,A,2013,0,0,0,1,0,0,0,0,0,0,0,0,0,0,0,TRUE
162-79813,A,2013,0,0,0,1,0,0,0,0,0,0,0,1,0,0,1,TRUE
162-79814,A,2013,0,0,0,1,0,0,0,0,0,0,0,0,0,0,0,TRUE
162-79815,A,2013,0,0,0,1,0,0,0,0,0,0,0,0,0,0,0,TRUE
162-79816,A,2013,0,0,0,1,0,0,0,0,0,0,0,0,0,0,0,TRUE
162-79817,A,2013,0,0,0,1,0,0,0,0,0,0,0,0,0,0,0,TRUE
162-79818,A,2013,0,0,0,1,0,0,0,0,0,0,0,0,0,0,0,TRUE
162-79851,P,2013,0,0,0,1,0,0,0,0,0,0,0,0,0,0,0,FALSE
162-79852,P,2013,0,0,0,1,0,0,0,0,0,0,0,0,0,0,0,FALSE
162-79853,P,2013,0,0,0,1,0,0,0,0,0,0,0,0,0,0,0,FALSE
162-79854,P,2013,0,0,0,1,0,0,0,0,0,0,0,0,0,0,0,FALSE
162-79855,P,2013,0,0,0,1,0,0,0,0,0,0,0,0,0,0,0,FALSE
162-79856,P,2013,0,0,0,1,0,0,0,0,0,0,0,0,0,0,0,FALSE
162-79857,P,2013,0,0,0,1,0,0,0,0,0,0,0,0,0,0,0,FALSE
162-79858,P,2013,0,0,0,1,0,0,0,0,0,0,0,0,0,0,0,FALSE
162-79859,P,2013,0,0,0,1,0,0,0,0,0,0,0,0,0,0,0,FALSE
162-79860,P,2013,0,0,0,1,0,0,0,0,0,0,0,0,0,0,0,FALSE
162-79861,P,2013,0,0,0,1,0,0,0,0,0,0,0,0,0,0,0,FALSE
162-79862,P,2013,0,0,0,1,0,0,0,0,0,0,0,0,0,0,0,FALSE
162-79863,P,2013,0,0,0,1,0,0,0,0,0,0,0,0,0,0,0,FALSE
162-79864,P,2013,0,0,0,1,0,0,0,0,0,0,0,1,0,0,0,TRUE
162-79865,P,2013,0,0,0,1,0,0,0,0,0,0,0,0,0,0,0,FALSE
162-79866,P,2013,0,0,0,1,0,0,0,0,0,0,0,0,0,0,0,FALSE
162-79867,P,2013,0,0,0,1,0,0,0,0,0,0,0,0,0,0,0,FALSE
162-79868,P,2013,0,0,0,1,0,0,0,0,0,0,0,0,0,0,0,FALSE
162-79869,P,2013,0,0,0,1,0,0,0,0,0,0,0,0,0,0,0,FALSE
162-79870,P,2013,0,0,0,1,0,0,0,0,0,0,0,0,0,0,0,FALSE
162-79871,P,2013,0,0,0,1,0,0,0,0,0,0,0,0,0,0,0,FALSE
162-79872,P,2013,0,0,0,1,0,0,0,0,0,0,0,0,0,0,0,FALSE
162-79873,P,2013,0,0,0,1,0,0,0,0,0,0,0,0,0,0,0,FALSE
162-79874,P,2013,0,0,0,1,0,0,0,0,0,0,0,0,0,0,0,FALSE
162-79875,P,2013,0,0,0,1,0,0,0,0,0,0,0,0,0,0,0,FALSE
162-79876,P,2013,0,0,0,1,0,0,0,0,0,0,0,0,0,0,0,FALSE
162-79877,P,2013,0,0,0,1,0,0,0,0,0,0,0,0,0,0,0,FALSE
162-79878,P,2013,0,0,0,1,0,0,0,0,0,0,0,0,0,1,0,TRUE
162-79879,P,2013,0,0,0,1,0,0,0,0,0,0,0,0,0,0,0,FALSE
162-79880,P,2013,0,0,0,1,0,0,0,0,0,0,0,0,0,0,0,FALSE
162-79881,A,2013,0,0,0,1,0,0,0,0,0,0,0,0,0,0,0,TRUE
162-79882,A,2013,0,0,0,1,0,0,0,0,0,0,1,1,0,0,1,TRUE
162-79883,A,2013,0,0,0,1,0,0,0,0,0,0,0,0,0,0,0,TRUE
162-79884,A,2013,0,0,0,1,0,0,0,0,0,0,0,0,0,0,0,TRUE
162-79885,A,2013,0,0,0,1,0,0,0,0,0,0,0,0,0,0,0,TRUE
162-79886,A,2013,0,0,0,1,0,0,0,0,0,0,0,0,0,0,0,TRUE
162-79887,A,2013,0,0,0,1,0,0,0,0,0,0,0,0,0,0,0,TRUE
162-79888,A,2013,0,0,0,1,0,0,0,0,0,0,0,0,0,0,0,TRUE
162-79889,A,2013,0,0,0,1,0,0,0,0,0,0,0,0,0,0,0,TRUE
162-79890,A,2013,0,0,0,1,0,0,0,0,0,0,0,0,0,0,0,TRUE
162-79891,A,2013,0,0,0,1,0,0,0,0,0,0,0,1,0,0,0,TRUE
162-79892,A,2013,0,0,0,1,0,0,0,0,0,0,0,0,0,0,0,TRUE
162-79893,A,2013,0,0,0,1,0,0,0,0,0,0,1,0,0,0,0,TRUE
162-79894,A,2013,0,0,0,1,0,0,0,0,0,0,0,0,0,0,0,TRUE
162-79895,A,2013,0,0,0,1,0,0,0,0,0,0,0,0,0,0,0,TRUE
162-79896,A,2013,0,0,0,1,0,0,0,0,0,0,0,0,0,0,0,TRUE
162-79897,A,2013,0,0,0,1,0,0,0,0,0,0,0,0,0,0,0,TRUE
162-79898,A,2013,0,0,0,1,0,0,0,0,0,0,0,1,0,0,0,TRUE
162-79899,A,2013,0,0,0,1,0,0,0,0,0,0,0,0,0,0,0,TRUE
162-79900,A,2013,0,0,0,1,0,0,0,0,0,0,0,0,0,0,0,TRUE
162-83004,P,2014,0,0,0,0,1,0,0,0,0,0,0,0,0,0,0,FALSE
162-83005,P,2014,0,0,0,0,1,0,0,0,0,0,0,0,0,0,0,FALSE
162-83006,P,2014,0,0,0,0,1,0,0,0,0,0,0,0,0,0,0,FALSE
162-83007,P,2014,0,0,0,0,1,0,0,0,0,0,0,1,1,1,0,TRUE
162-83008,P,2014,0,0,0,0,1,0,0,0,0,0,1,0,0,0,1,TRUE
162-83009,P,2014,0,0,0,0,1,0,0,0,0,0,0,0,0,0,0,FALSE
162-83010,P,2014,0,0,0,0,1,0,0,0,0,0,0,1,0,0,1,TRUE
162-83011,P,2014,0,0,0,0,1,0,0,0,0,0,0,0,0,0,0,FALSE
162-83012,P,2014,0,0,0,0,1,0,0,0,0,0,0,0,0,0,0,FALSE
162-83013,P,2014,0,0,0,0,1,0,0,0,0,0,0,0,0,0,0,FALSE
162-83014,P,2014,0,0,0,0,1,0,0,0,0,0,0,1,0,0,0,TRUE
162-83015,P,2014,0,0,0,0,1,0,0,0,0,0,0,0,0,0,0,FALSE
162-83016,P,2014,0,0,0,0,1,0,0,0,0,0,0,0,0,0,0,FALSE
162-83017,P,2014,0,0,0,0,1,0,0,0,0,0,0,0,0,0,0,FALSE
162-83018,P,2014,0,0,0,0,1,0,0,0,0,0,0,0,0,0,0,FALSE
162-83019,P,2014,0,0,0,0,1,0,0,0,0,0,0,0,0,0,0,FALSE
162-83020,P,2014,0,0,0,0,1,0,0,0,0,0,0,0,0,0,0,FALSE
162-83021,P,2014,0,0,0,0,1,0,0,0,0,0,0,0,0,0,0,FALSE
162-83022,P,2014,0,0,0,0,1,0,0,0,0,0,0,0,0,0,0,FALSE
162-83023,P,2014,0,0,0,0,1,0,0,0,0,0,0,0,0,0,0,FALSE
162-83024,P,2014,0,0,0,0,1,0,0,0,0,0,0,0,0,0,0,FALSE
162-83025,P,2014,0,0,0,0,1,0,0,0,0,0,0,0,0,0,0,FALSE
162-83026,P,2014,0,0,0,0,1,0,0,0,0,0,0,1,0,0,0,TRUE
162-83027,P,2014,0,0,0,0,1,0,0,0,0,0,0,0,0,0,0,FALSE
162-83028,P,2014,0,0,0,0,1,0,0,0,0,0,0,0,0,0,0,FALSE
162-83029,P,2014,0,0,0,0,1,0,0,0,0,0,0,0,0,0,0,FALSE
162-83030,P,2014,0,0,0,0,1,0,0,0,0,0,0,0,0,0,0,FALSE
162-83031,P,2014,0,0,0,0,1,0,0,0,0,0,0,1,1,1,1,TRUE
162-83032,P,2014,0,0,0,0,1,0,0,0,0,0,0,0,0,0,1,TRUE
162-83033,P,2014,0,0,0,0,1,0,0,0,0,0,0,0,0,0,0,FALSE
162-83034,P,2014,0,0,0,0,1,0,0,0,0,0,0,0,0,0,0,FALSE
162-83035,P,2014,0,0,0,0,1,0,0,0,0,0,0,0,0,0,0,FALSE
162-83036,P,2014,0,0,0,0,1,0,0,0,0,0,0,0,0,0,0,FALSE
162-83037,P,2014,0,0,0,0,1,0,0,0,0,0,0,0,0,0,0,FALSE
162-83038,P,2014,0,0,0,0,1,0,0,0,0,0,0,0,0,0,0,FALSE
162-83039,P,2014,0,0,0,0,1,0,0,0,0,0,1,1,0,0,1,TRUE
162-83040,P,2014,0,0,0,0,1,0,0,0,0,0,0,0,0,0,0,FALSE
162-83041,P,2014,0,0,0,0,1,0,0,0,0,0,0,0,0,0,0,FALSE
162-83042,P,2014,0,0,0,0,1,0,0,0,0,0,0,0,0,0,0,FALSE
162-83043,P,2014,0,0,0,0,1,0,0,0,0,0,0,0,0,0,0,FALSE
162-83044,P,2014,0,0,0,0,1,0,0,0,0,0,0,0,0,0,0,FALSE
162-83045,P,2014,0,0,0,0,1,0,0,0,0,0,0,0,0,0,0,FALSE
162-83046,P,2014,0,0,0,0,1,0,0,0,0,0,0,0,0,0,0,FALSE
162-83047,P,2014,0,0,0,0,1,0,0,0,0,0,0,0,0,0,0,FALSE
162-83048,P,2014,0,0,0,0,1,0,0,0,0,0,0,0,0,0,0,FALSE
162-83049,P,2014,0,0,0,0,1,0,0,0,0,0,0,0,0,0,0,FALSE
162-83050,P,2014,0,0,0,0,1,0,0,0,0,0,0,0,0,0,0,FALSE
162-83051,P,2014,0,0,0,0,1,0,0,0,0,0,0,0,0,0,0,FALSE
162-83052,P,2014,0,0,0,0,1,0,0,0,0,0,0,0,0,0,0,FALSE
162-83053,P,2014,0,0,0,0,1,0,0,0,0,0,0,0,0,0,0,FALSE
162-83054,P,2014,0,0,0,0,1,0,0,0,0,0,0,0,0,0,0,FALSE
162-83055,P,2014,0,0,0,0,1,0,0,0,0,0,0,0,0,0,0,FALSE
162-83056,P,2014,0,0,0,0,1,0,0,0,0,0,0,0,0,0,0,FALSE
162-83057,P,2014,0,0,0,0,1,0,0,0,0,0,0,0,0,0,0,FALSE
162-83058,P,2014,0,0,0,0,1,0,0,0,0,0,0,0,0,0,0,FALSE
162-83059,P,2014,0,0,0,0,1,0,0,0,0,0,0,0,0,0,0,FALSE
162-83060,P,2014,0,0,0,0,1,0,0,0,0,0,0,0,0,0,0,FALSE
162-83061,P,2014,0,0,0,0,1,0,0,0,0,0,0,0,0,0,0,FALSE
162-83062,P,2014,0,0,0,0,1,0,0,0,0,0,0,0,0,0,0,FALSE
162-83063,P,2014,0,0,0,0,1,0,0,0,0,0,0,0,0,0,0,FALSE
162-83064,A,2014,0,0,0,0,1,0,0,0,0,0,0,0,0,0,0,TRUE
162-83065,A,2014,0,0,0,0,1,0,0,0,0,0,0,0,0,0,0,TRUE
162-83066,A,2014,0,0,0,0,1,0,0,0,0,0,0,0,0,0,0,TRUE
162-83067,A,2014,0,0,0,0,1,0,0,0,0,0,0,0,0,0,0,TRUE
162-83068,A,2014,0,0,0,0,1,0,0,0,0,0,0,0,0,0,0,TRUE
162-83069,A,2014,0,0,0,0,1,0,0,0,0,0,0,0,0,0,0,TRUE
162-83070,A,2014,0,0,0,0,1,0,0,0,0,0,0,0,0,0,0,TRUE
162-83071,A,2014,0,0,0,0,1,0,0,0,0,0,0,1,0,0,0,TRUE
162-83072,A,2014,0,0,0,0,1,0,0,0,0,0,0,0,0,0,0,TRUE
162-83073,A,2014,0,0,0,0,1,0,0,0,0,0,0,0,0,0,0,TRUE
162-83074,A,2014,0,0,0,0,1,0,0,0,0,0,0,0,0,0,1,TRUE
162-83075,A,2014,0,0,0,0,1,0,0,0,0,0,0,0,0,0,0,TRUE
162-83076,A,2014,0,0,0,0,1,0,0,0,0,0,0,0,0,0,0,TRUE
162-83077,A,2014,0,0,0,0,1,0,0,0,0,0,0,0,0,0,0,TRUE
162-83078,A,2014,0,0,0,0,1,0,0,0,0,0,0,0,0,0,0,TRUE
162-83079,A,2014,0,0,0,0,1,0,0,0,0,0,0,0,0,1,0,TRUE
162-83080,A,2014,0,0,0,0,1,0,0,0,0,0,0,1,0,0,0,TRUE
162-83081,A,2014,0,0,0,0,1,0,0,0,0,0,1,0,0,0,0,TRUE
162-83082,A,2014,0,0,0,0,1,0,0,0,0,0,0,0,0,0,0,TRUE
162-83083,A,2014,0,0,0,0,1,0,0,0,0,0,0,0,0,0,0,TRUE
162-83084,A,2014,0,0,0,0,1,0,0,0,0,0,0,0,0,0,0,TRUE
162-83085,A,2014,0,0,0,0,1,0,0,0,0,0,0,0,0,0,0,TRUE
162-83086,A,2014,0,0,0,0,1,0,0,0,0,0,0,0,0,0,0,TRUE
162-83824,P,2015,0,0,0,0,0,1,0,0,0,0,0,0,0,0,0,FALSE
162-83825,P,2015,0,0,0,0,0,1,0,0,0,0,0,0,0,0,0,FALSE
162-83826,P,2015,0,0,0,0,0,1,0,0,0,0,1,1,1,0,1,TRUE
162-83827,P,2015,0,0,0,0,0,1,0,0,0,0,0,0,0,0,0,FALSE
162-83828,P,2015,0,0,0,0,0,1,0,0,0,0,0,0,0,0,0,FALSE
162-83829,P,2015,0,0,0,0,0,1,0,0,0,0,0,0,0,0,0,FALSE
162-83830,P,2015,0,0,0,0,0,1,0,0,0,0,0,0,0,0,0,FALSE
162-83831,P,2015,0,0,0,0,0,1,0,0,0,0,0,0,0,0,0,FALSE
162-83832,P,2015,0,0,0,0,0,1,0,0,0,0,0,0,0,0,0,FALSE
162-83833,P,2015,0,0,0,0,0,1,0,0,0,0,0,0,0,0,0,FALSE
162-83834,P,2015,0,0,0,0,0,1,0,0,0,0,1,0,0,0,0,TRUE
162-83835,A,2015,0,0,0,0,0,1,0,0,0,0,0,1,0,0,0,TRUE
162-83836,P,2015,0,0,0,0,0,1,0,0,0,0,1,0,0,0,0,TRUE
162-83837,P,2015,0,0,0,0,0,1,0,0,0,0,0,0,0,0,0,FALSE
162-83838,A,2015,0,0,0,0,0,1,0,0,0,0,0,0,0,0,0,TRUE
162-83839,P,2015,0,0,0,0,0,1,0,0,0,0,0,1,0,1,0,TRUE
162-83840,A,2015,0,0,0,0,0,1,0,0,0,0,0,0,0,0,0,TRUE
162-83841,A,2015,0,0,0,0,0,1,0,0,0,0,0,0,0,0,0,TRUE
162-83842,P,2015,0,0,0,0,0,1,0,0,0,0,0,0,0,0,0,FALSE
162-83843,A,2015,0,0,0,0,0,1,0,0,0,0,0,0,0,0,0,TRUE
162-83844,P,2015,0,0,0,0,0,1,0,0,0,0,0,1,0,0,0,TRUE
162-83845,A,2015,0,0,0,0,0,1,0,0,0,0,0,0,0,0,0,TRUE
162-83846,P,2015,0,0,0,0,0,1,0,0,0,0,0,0,0,0,0,FALSE
162-83847,P,2015,0,0,0,0,0,1,0,0,0,0,0,0,0,0,0,FALSE
162-83848,P,2015,0,0,0,0,0,1,0,0,0,0,0,0,0,0,0,FALSE
162-83849,P,2015,0,0,0,0,0,1,0,0,0,0,0,0,0,0,0,FALSE
162-83850,P,2015,0,0,0,0,0,1,0,0,0,0,0,0,0,0,0,FALSE
162-83851,P,2015,0,0,0,0,0,1,0,0,0,0,0,0,0,0,0,FALSE
162-83852,P,2015,0,0,0,0,0,1,0,0,0,0,0,0,0,0,0,FALSE
162-83853,P,2015,0,0,0,0,0,1,0,0,0,0,0,0,0,0,0,FALSE
162-83854,P,2015,0,0,0,0,0,1,0,0,0,0,0,0,0,0,0,FALSE
162-83855,P,2015,0,0,0,0,0,1,0,0,0,0,0,0,0,0,0,FALSE
162-83856,P,2015,0,0,0,0,0,1,0,0,0,0,0,0,0,0,0,FALSE
162-83857,P,2015,0,0,0,0,0,1,0,0,0,0,0,0,0,0,0,FALSE
162-83858,A,2015,0,0,0,0,0,1,0,0,0,0,0,0,0,0,0,TRUE
162-83859,A,2015,0,0,0,0,0,1,0,0,0,0,0,0,0,0,0,TRUE
162-83860,P,2015,0,0,0,0,0,1,0,0,0,0,0,0,0,0,0,FALSE
162-83861,P,2015,0,0,0,0,0,1,0,0,0,0,0,0,0,0,0,FALSE
162-83862,P,2015,0,0,0,0,0,1,0,0,0,0,0,0,0,0,0,FALSE
162-83863,P,2015,0,0,0,0,0,1,0,0,0,0,0,0,0,0,0,FALSE
162-83864,P,2015,0,0,0,0,0,1,0,0,0,0,0,0,0,0,0,FALSE
162-83865,P,2015,0,0,0,0,0,1,0,0,0,0,0,0,0,0,0,FALSE
162-83866,P,2015,0,0,0,0,0,1,0,0,0,0,0,0,0,0,0,FALSE
162-83867,A,2015,0,0,0,0,0,1,0,0,0,0,0,0,0,0,0,TRUE
162-83868,A,2015,0,0,0,0,0,1,0,0,0,0,0,0,0,0,0,TRUE
162-83869,P,2015,0,0,0,0,0,1,0,0,0,0,0,0,0,0,0,FALSE
162-83870,P,2015,0,0,0,0,0,1,0,0,0,0,0,0,0,0,0,FALSE
162-83871,P,2015,0,0,0,0,0,1,0,0,0,0,0,0,0,0,0,FALSE
162-83872,A,2015,0,0,0,0,0,1,0,0,0,0,0,0,0,0,0,TRUE
162-83873,A,2015,0,0,0,0,0,1,0,0,0,0,0,0,0,0,0,TRUE
162-83874,P,2015,0,0,0,0,0,1,0,0,0,0,0,0,0,0,0,FALSE
162-83875,P,2015,0,0,0,0,0,1,0,0,0,0,0,0,0,0,0,FALSE
162-83876,P,2015,0,0,0,0,0,1,0,0,0,0,0,0,0,0,0,FALSE
162-83877,P,2015,0,0,0,0,0,1,0,0,0,0,0,0,0,0,0,FALSE
162-83878,P,2015,0,0,0,0,0,1,0,0,0,0,0,0,0,0,0,FALSE
162-83879,P,2015,0,0,0,0,0,1,0,0,0,0,1,0,0,0,0,TRUE
162-83880,P,2015,0,0,0,0,0,1,0,0,0,0,0,0,0,0,0,FALSE
162-83881,P,2015,0,0,0,0,0,1,0,0,0,0,0,1,0,0,0,TRUE
162-83882,P,2015,0,0,0,0,0,1,0,0,0,0,1,0,0,0,0,TRUE
162-83883,P,2015,0,0,0,0,0,1,0,0,0,0,0,0,0,0,0,FALSE
162-83884,P,2015,0,0,0,0,0,1,0,0,0,0,0,0,0,0,0,FALSE
162-83885,P,2015,0,0,0,0,0,1,0,0,0,0,0,0,0,0,0,FALSE
162-83886,P,2015,0,0,0,0,0,1,0,0,0,0,0,0,0,0,0,FALSE
162-83887,P,2015,0,0,0,0,0,1,0,0,0,0,0,0,0,0,0,FALSE
162-83888,P,2015,0,0,0,0,0,1,0,0,0,0,0,0,0,0,0,FALSE
162-83889,P,2015,0,0,0,0,0,1,0,0,0,0,0,0,0,0,0,FALSE
162-83890,P,2015,0,0,0,0,0,1,0,0,0,0,0,0,0,0,0,FALSE
162-83891,A,2015,0,0,0,0,0,1,0,0,0,0,0,0,0,0,0,TRUE
162-83892,P,2015,0,0,0,0,0,1,0,0,0,0,0,0,0,0,0,FALSE
162-83893,P,2015,0,0,0,0,0,1,0,0,0,0,0,0,0,0,0,FALSE
162-83894,A,2015,0,0,0,0,0,1,0,0,0,0,0,0,0,0,0,TRUE
162-83895,P,2015,0,0,0,0,0,1,0,0,0,0,0,0,0,0,0,FALSE
162-83896,P,2015,0,0,0,0,0,1,0,0,0,0,0,0,0,0,0,FALSE
162-83897,P,2015,0,0,0,0,0,1,0,0,0,0,0,0,0,0,0,FALSE
162-83898,P,2015,0,0,0,0,0,1,0,0,0,0,0,0,0,0,0,FALSE
162-83899,P,2015,0,0,0,0,0,1,0,0,0,0,0,0,0,0,0,FALSE
162-83900,P,2015,0,0,0,0,0,1,0,0,0,0,0,0,0,0,0,FALSE
162-83901,P,2016,0,0,0,0,0,0,1,0,0,0,0,0,0,0,0,FALSE
162-83902,P,2016,0,0,0,0,0,0,1,0,0,0,0,0,0,0,0,FALSE
162-83903,P,2016,0,0,0,0,0,0,1,0,0,0,0,0,0,0,0,FALSE
162-83904,P,2016,0,0,0,0,0,0,1,0,0,0,0,0,0,0,0,FALSE
162-83905,P,2016,0,0,0,0,0,0,1,0,0,0,0,0,0,1,0,TRUE
162-83906,P,2016,0,0,0,0,0,0,1,0,0,0,0,0,0,0,0,FALSE
162-83907,P,2016,0,0,0,0,0,0,1,0,0,0,0,1,1,1,1,TRUE
162-83908,P,2016,0,0,0,0,0,0,1,0,0,0,0,0,0,0,0,FALSE
162-83909,P,2016,0,0,0,0,0,0,1,0,0,0,0,0,0,0,0,FALSE
162-83910,P,2017,0,0,0,0,0,0,0,1,0,0,0,0,0,0,0,FALSE
162-83911,P,2017,0,0,0,0,0,0,0,1,0,0,0,0,1,0,0,TRUE
162-83912,P,2017,0,0,0,0,0,0,0,1,0,0,0,0,0,0,0,FALSE
162-83913,P,2017,0,0,0,0,0,0,0,1,0,0,0,0,0,0,0,FALSE
162-83914,P,2017,0,0,0,0,0,0,0,1,0,0,0,0,0,0,0,FALSE
162-83915,P,2017,0,0,0,0,0,0,0,1,0,0,0,0,0,0,0,FALSE
162-83916,A,2017,0,0,0,0,0,0,0,1,0,0,0,0,0,1,0,TRUE
162-83917,P,2017,0,0,0,0,0,0,0,1,0,0,0,0,0,0,0,FALSE
162-83918,P,2017,0,0,0,0,0,0,0,1,0,0,0,0,0,0,0,FALSE
162-83919,P,2017,0,0,0,0,0,0,0,1,0,0,0,0,0,0,0,FALSE
162-83920,P,2017,0,0,0,0,0,0,0,1,0,0,0,0,0,0,0,FALSE
162-83921,P,2017,0,0,0,0,0,0,0,1,0,0,0,0,0,0,0,FALSE
162-83922,P,2017,0,0,0,0,0,0,0,1,0,0,0,0,0,0,0,FALSE
162-83923,P,2017,0,0,0,0,0,0,0,1,0,0,0,0,0,0,0,FALSE
162-83924,P,2017,0,0,0,0,0,0,0,1,0,0,0,0,0,0,0,FALSE
162-83925,P,2017,0,0,0,0,0,0,0,1,0,0,0,0,0,0,0,FALSE
162-83926,P,2017,0,0,0,0,0,0,0,1,0,0,0,0,0,0,0,FALSE
162-83927,P,2017,0,0,0,0,0,0,0,1,0,0,0,0,0,0,0,FALSE
162-83928,A,2017,0,0,0,0,0,0,0,1,0,0,0,0,0,0,0,TRUE
162-83929,P,2017,0,0,0,0,0,0,0,1,0,0,0,0,0,0,0,FALSE
162-83930,A,2017,0,0,0,0,0,0,0,1,0,0,0,0,0,0,0,TRUE
162-83931,P,2017,0,0,0,0,0,0,0,1,0,0,0,0,0,0,0,FALSE
162-83932,P,2017,0,0,0,0,0,0,0,1,0,0,0,0,0,0,0,FALSE
162-83933,P,2017,0,0,0,0,0,0,0,1,0,0,0,1,0,0,0,TRUE
162-83934,P,2017,0,0,0,0,0,0,0,1,0,0,0,0,0,0,0,FALSE
162-83935,A,2017,0,0,0,0,0,0,0,1,0,0,0,0,0,0,0,TRUE
162-83936,P,2017,0,0,0,0,0,0,0,1,0,0,0,0,0,0,0,FALSE
162-83937,P,2017,0,0,0,0,0,0,0,1,0,0,0,0,0,0,0,FALSE
162-83938,A,2017,0,0,0,0,0,0,0,1,0,0,0,0,0,0,0,TRUE
162-83939,A,2017,0,0,0,0,0,0,0,1,0,0,0,0,0,0,0,TRUE
162-83940,P,2017,0,0,0,0,0,0,0,1,0,0,0,0,0,0,0,FALSE
162-83941,P,2017,0,0,0,0,0,0,0,1,0,0,0,0,0,0,0,FALSE
162-83942,P,2017,0,0,0,0,0,0,0,1,0,0,0,0,0,0,0,FALSE
162-83943,P,2017,0,0,0,0,0,0,0,1,0,0,0,0,0,0,0,FALSE
162-83944,P,2017,0,0,0,0,0,0,0,1,0,0,0,0,0,0,0,FALSE
162-83945,P,2017,0,0,0,0,0,0,0,1,0,0,0,0,0,0,0,FALSE
162-83946,P,2017,0,0,0,0,0,0,0,1,0,0,0,0,0,0,0,FALSE
162-83947,P,2017,0,0,0,0,0,0,0,1,0,0,0,0,0,0,0,FALSE
162-83948,P,2017,0,0,0,0,0,0,0,1,0,0,0,0,0,0,0,FALSE
162-83949,P,2017,0,0,0,0,0,0,0,1,0,0,0,0,0,0,0,FALSE
162-83950,P,2017,0,0,0,0,0,0,0,1,0,0,0,0,0,0,0,FALSE
162-87001,A,2015,0,0,0,0,0,1,0,0,0,0,1,0,0,0,0,TRUE
162-87002,A,2015,0,0,0,0,0,1,0,0,0,0,0,0,0,0,0,TRUE
162-87003,A,2015,0,0,0,0,0,1,0,0,0,0,0,0,0,0,0,TRUE
162-87004,A,2015,0,0,0,0,0,1,0,0,0,0,0,0,0,0,0,TRUE
162-87005,A,2015,0,0,0,0,0,1,0,0,0,0,0,0,0,0,0,TRUE
162-87006,A,2015,0,0,0,0,0,1,0,0,0,0,0,0,0,0,0,TRUE
162-87007,A,2015,0,0,0,0,0,1,0,0,0,0,0,0,0,0,0,TRUE
162-87008,A,2015,0,0,0,0,0,1,0,0,0,0,0,0,0,0,0,TRUE
162-87009,A,2015,0,0,0,0,0,1,0,0,0,0,0,0,0,0,0,TRUE
162-87010,A,2015,0,0,0,0,0,1,0,0,0,0,0,0,0,0,0,TRUE
162-87011,A,2015,0,0,0,0,0,1,0,0,0,0,0,0,0,0,0,TRUE
162-87040,A,2016,0,0,0,0,0,0,1,0,0,0,1,0,0,1,0,TRUE
162-87041,P,2016,0,0,0,0,0,0,1,0,0,0,0,0,0,0,0,FALSE
162-87042,P,2016,0,0,0,0,0,0,1,0,0,0,0,0,0,1,1,TRUE
162-87043,P,2016,0,0,0,0,0,0,1,0,0,0,0,0,0,0,0,FALSE
162-87044,P,2016,0,0,0,0,0,0,1,0,0,0,0,1,0,0,0,TRUE
162-87045,P,2016,0,0,0,0,0,0,1,0,0,0,0,0,0,0,0,FALSE
162-87046,P,2016,0,0,0,0,0,0,1,0,0,0,0,0,0,0,0,FALSE
162-87047,P,2016,0,0,0,0,0,0,1,0,0,0,0,0,0,0,0,FALSE
162-87048,P,2016,0,0,0,0,0,0,1,0,0,0,1,1,1,1,1,TRUE
162-87049,P,2016,0,0,0,0,0,0,1,0,0,0,0,0,0,0,0,FALSE
162-87050,P,2016,0,0,0,0,0,0,1,0,0,0,0,0,0,0,0,FALSE
162-87051,P,2016,0,0,0,0,0,0,1,0,0,0,0,0,0,0,0,FALSE
162-87052,A,2016,0,0,0,0,0,0,1,0,0,0,0,0,0,0,0,TRUE
162-87053,P,2016,0,0,0,0,0,0,1,0,0,0,1,0,0,0,0,TRUE
162-87054,P,2016,0,0,0,0,0,0,1,0,0,0,1,0,0,0,0,TRUE
162-87055,P,2016,0,0,0,0,0,0,1,0,0,0,0,0,0,0,0,FALSE
162-87056,P,2016,0,0,0,0,0,0,1,0,0,0,0,1,1,1,0,TRUE
162-87057,P,2016,0,0,0,0,0,0,1,0,0,0,0,1,0,1,1,TRUE
162-87058,P,2016,0,0,0,0,0,0,1,0,0,0,0,0,0,0,0,FALSE
162-87059,P,2016,0,0,0,0,0,0,1,0,0,0,0,0,0,0,0,FALSE
162-87060,P,2016,0,0,0,0,0,0,1,0,0,0,0,0,0,0,0,FALSE
162-87061,P,2016,0,0,0,0,0,0,1,0,0,0,0,0,0,0,0,FALSE
162-87062,P,2016,0,0,0,0,0,0,1,0,0,0,0,0,0,1,1,TRUE
162-87063,P,2016,0,0,0,0,0,0,1,0,0,0,0,0,0,0,0,FALSE
162-87064,P,2016,0,0,0,0,0,0,1,0,0,0,0,0,0,0,0,FALSE
162-87065,P,2016,0,0,0,0,0,0,1,0,0,0,0,0,0,0,0,FALSE
162-87066,P,2016,0,0,0,0,0,0,1,0,0,0,0,0,0,1,0,TRUE
162-87067,P,2016,0,0,0,0,0,0,1,0,0,0,0,0,0,0,0,FALSE
162-87068,P,2016,0,0,0,0,0,0,1,0,0,0,0,0,0,0,0,FALSE
162-87069,P,2016,0,0,0,0,0,0,1,0,0,0,0,0,0,0,0,FALSE
162-87070,P,2016,0,0,0,0,0,0,1,0,0,0,0,0,0,0,0,FALSE
162-87071,P,2016,0,0,0,0,0,0,1,0,0,0,0,1,0,0,0,TRUE
162-87072,P,2016,0,0,0,0,0,0,1,0,0,0,0,0,0,0,0,FALSE
162-87073,P,2016,0,0,0,0,0,0,1,0,0,0,0,0,0,0,0,FALSE
162-87074,P,2016,0,0,0,0,0,0,1,0,0,0,0,0,0,0,0,FALSE
162-87075,P,2016,0,0,0,0,0,0,1,0,0,0,0,1,0,0,0,TRUE
162-87076,P,2016,0,0,0,0,0,0,1,0,0,0,0,0,0,0,0,FALSE
162-87077,P,2016,0,0,0,0,0,0,1,0,0,0,0,0,0,0,0,FALSE
162-87078,P,2016,0,0,0,0,0,0,1,0,0,0,0,0,0,0,0,FALSE
162-87079,P,2016,0,0,0,0,0,0,1,0,0,0,0,0,0,0,0,FALSE
162-87080,P,2016,0,0,0,0,0,0,1,0,0,0,0,0,0,0,0,FALSE
162-87081,P,2016,0,0,0,0,0,0,1,0,0,0,0,0,0,0,0,FALSE
162-87082,P,2016,0,0,0,0,0,0,1,0,0,0,0,0,0,0,0,FALSE
162-87083,P,2016,0,0,0,0,0,0,1,0,0,0,0,1,1,0,0,TRUE
162-87084,P,2016,0,0,0,0,0,0,1,0,0,0,0,0,0,0,0,FALSE
162-87085,P,2016,0,0,0,0,0,0,1,0,0,0,0,0,0,0,0,FALSE
162-87086,P,2016,0,0,0,0,0,0,1,0,0,0,0,0,0,0,0,FALSE
162-87087,P,2016,0,0,0,0,0,0,1,0,0,0,0,0,0,0,0,FALSE
162-87088,A,2016,0,0,0,0,0,0,1,0,0,0,0,0,0,0,0,TRUE
162-87089,P,2016,0,0,0,0,0,0,1,0,0,0,0,0,0,0,0,FALSE
162-87090,P,2016,0,0,0,0,0,0,1,0,0,0,0,0,0,0,0,FALSE
162-87091,P,2016,0,0,0,0,0,0,1,0,0,0,0,0,0,1,0,TRUE
162-87092,P,2016,0,0,0,0,0,0,1,0,0,0,0,0,0,0,0,FALSE
162-87093,P,2016,0,0,0,0,0,0,1,0,0,0,0,0,0,1,0,TRUE
162-87094,P,2016,0,0,0,0,0,0,1,0,0,0,0,0,0,0,0,FALSE
162-87095,P,2016,0,0,0,0,0,0,1,0,0,0,0,0,0,0,0,FALSE
162-87096,P,2016,0,0,0,0,0,0,1,0,0,0,0,0,0,1,0,TRUE
162-87097,P,2016,0,0,0,0,0,0,1,0,0,0,0,0,0,0,0,FALSE
162-87098,P,2016,0,0,0,0,0,0,1,0,0,0,0,1,0,0,0,TRUE
162-87099,P,2016,0,0,0,0,0,0,1,0,0,0,0,0,0,0,0,FALSE
162-87100,P,2016,0,0,0,0,0,0,1,0,0,0,0,0,0,0,0,FALSE
162-87101,P,2017,0,0,0,0,0,0,0,1,0,0,0,0,0,0,0,FALSE
162-87102,P,2017,0,0,0,0,0,0,0,1,0,0,0,0,0,0,0,FALSE
162-87103,A,2017,0,0,0,0,0,0,0,1,0,0,0,0,0,0,0,TRUE
162-87104,P,2017,0,0,0,0,0,0,0,1,0,0,0,0,0,0,0,FALSE
162-87105,P,2017,0,0,0,0,0,0,0,1,0,0,0,0,0,0,0,FALSE
162-87106,P,2017,0,0,0,0,0,0,0,1,0,0,0,0,0,0,0,FALSE
162-87107,P,2017,0,0,0,0,0,0,0,1,0,0,0,0,0,0,0,FALSE
162-87108,P,2017,0,0,0,0,0,0,0,1,0,0,0,0,0,0,0,FALSE
162-87109,A,2017,0,0,0,0,0,0,0,1,0,0,0,0,0,0,0,TRUE
162-87110,P,2017,0,0,0,0,0,0,0,1,0,0,0,0,0,0,0,FALSE
162-87111,P,2017,0,0,0,0,0,0,0,1,0,0,0,0,0,0,0,FALSE
162-87112,P,2017,0,0,0,0,0,0,0,1,0,0,0,0,0,0,0,FALSE
162-87113,P,2017,0,0,0,0,0,0,0,1,0,0,0,0,0,0,0,FALSE
162-87114,P,2017,0,0,0,0,0,0,0,1,0,0,0,0,0,0,0,FALSE
162-87115,P,2017,0,0,0,0,0,0,0,1,0,0,0,0,0,0,0,FALSE
162-87116,P,2017,0,0,0,0,0,0,0,1,0,0,0,0,0,0,0,FALSE
162-87117,P,2017,0,0,0,0,0,0,0,1,0,0,0,0,0,0,0,FALSE
162-87118,P,2017,0,0,0,0,0,0,0,1,0,0,0,0,0,0,0,FALSE
162-87119,P,2017,0,0,0,0,0,0,0,1,0,0,0,0,0,0,0,FALSE
162-87120,P,2017,0,0,0,0,0,0,0,1,0,0,0,0,0,0,0,FALSE
162-87121,A,2017,0,0,0,0,0,0,0,1,0,0,0,0,0,0,0,TRUE
162-87122,P,2017,0,0,0,0,0,0,0,1,0,0,0,0,0,0,0,FALSE
162-87123,P,2017,0,0,0,0,0,0,0,1,0,0,0,0,0,0,0,FALSE
162-87124,P,2017,0,0,0,0,0,0,0,1,0,0,0,0,0,0,0,FALSE
162-87125,P,2017,0,0,0,0,0,0,0,1,0,0,0,0,0,0,0,FALSE
162-87126,P,2017,0,0,0,0,0,0,0,1,0,0,0,0,0,0,0,FALSE
162-87127,P,2017,0,0,0,0,0,0,0,1,0,0,0,0,0,0,0,FALSE
162-87128,P,2017,0,0,0,0,0,0,0,1,0,0,0,0,0,0,0,FALSE
162-87129,P,2017,0,0,0,0,0,0,0,1,0,0,0,0,0,0,0,FALSE
162-87130,P,2017,0,0,0,0,0,0,0,1,0,0,0,0,0,0,0,FALSE
162-87131,P,2017,0,0,0,0,0,0,0,1,0,0,0,0,0,0,0,FALSE
162-87132,P,2017,0,0,0,0,0,0,0,1,0,0,0,0,0,0,0,FALSE
162-87133,P,2017,0,0,0,0,0,0,0,1,0,0,0,0,0,0,0,FALSE
162-87134,P,2017,0,0,0,0,0,0,0,1,0,0,0,0,0,0,0,FALSE
162-87135,A,2017,0,0,0,0,0,0,0,1,0,0,0,0,0,0,0,TRUE
162-87136,P,2017,0,0,0,0,0,0,0,1,0,0,0,0,0,0,0,FALSE
162-87137,P,2017,0,0,0,0,0,0,0,1,0,0,0,0,0,0,0,FALSE
162-87138,A,2017,0,0,0,0,0,0,0,1,0,0,0,0,0,0,0,TRUE
162-87139,P,2017,0,0,0,0,0,0,0,1,0,0,0,0,0,0,0,FALSE
162-87140,P,2017,0,0,0,0,0,0,0,1,0,0,0,0,0,1,0,TRUE
162-87141,P,2017,0,0,0,0,0,0,0,1,0,0,0,0,0,0,0,FALSE
162-87142,P,2017,0,0,0,0,0,0,0,1,0,0,0,0,0,0,0,FALSE
162-87143,P,2017,0,0,0,0,0,0,0,1,0,0,0,0,0,0,0,FALSE
162-87144,P,2017,0,0,0,0,0,0,0,1,0,0,0,0,0,0,0,FALSE
162-87145,P,2017,0,0,0,0,0,0,0,1,0,0,0,0,0,0,0,FALSE
162-87146,P,2017,0,0,0,0,0,0,0,1,0,0,0,0,0,0,0,FALSE
162-87147,P,2017,0,0,0,0,0,0,0,1,0,0,0,0,0,0,0,FALSE
162-87148,P,2017,0,0,0,0,0,0,0,1,0,0,0,1,0,0,0,TRUE
162-87149,P,2017,0,0,0,0,0,0,0,1,0,0,0,0,0,0,0,FALSE
162-87150,P,2017,0,0,0,0,0,0,0,1,0,0,0,0,0,0,0,FALSE
162-87151,P,2017,0,0,0,0,0,0,0,1,0,0,0,0,0,0,0,FALSE
162-87152,A,2017,0,0,0,0,0,0,0,1,0,0,0,0,0,0,0,TRUE
162-87153,P,2017,0,0,0,0,0,0,0,1,0,0,0,0,0,0,0,FALSE
162-87154,P,2017,0,0,0,0,0,0,0,1,0,0,0,0,0,0,0,FALSE
162-87155,P,2017,0,0,0,0,0,0,0,1,0,0,0,0,0,0,0,FALSE
162-87156,P,2017,0,0,0,0,0,0,0,1,0,0,0,0,0,0,0,FALSE
162-87157,P,2017,0,0,0,0,0,0,0,1,0,0,0,0,0,0,0,FALSE
162-87158,P,2017,0,0,0,0,0,0,0,1,0,0,0,0,0,0,0,FALSE
162-87159,P,2017,0,0,0,0,0,0,0,1,0,0,0,0,0,0,0,FALSE
162-87160,P,2017,0,0,0,0,0,0,0,1,0,0,0,0,0,0,0,FALSE
162-87161,P,2017,0,0,0,0,0,0,0,1,0,0,0,0,0,0,0,FALSE
162-87162,P,2017,0,0,0,0,0,0,0,1,0,0,0,0,0,0,0,FALSE
162-87163,P,2017,0,0,0,0,0,0,0,1,0,0,0,0,0,0,0,FALSE
162-87164,P,2017,0,0,0,0,0,0,0,1,0,0,0,0,0,0,0,FALSE
162-87165,P,2017,0,0,0,0,0,0,0,1,0,0,0,0,0,0,0,FALSE
162-87166,P,2017,0,0,0,0,0,0,0,1,0,0,0,0,0,0,0,FALSE
162-87167,A,2017,0,0,0,0,0,0,0,1,0,0,0,0,0,0,0,TRUE
162-87168,P,2017,0,0,0,0,0,0,0,1,0,0,0,0,0,0,0,FALSE
162-87169,P,2017,0,0,0,0,0,0,0,1,0,0,0,0,0,0,0,FALSE
162-87170,P,2017,0,0,0,0,0,0,0,1,0,0,0,0,0,0,0,FALSE
162-87171,P,2017,0,0,0,0,0,0,0,1,0,0,0,0,0,0,0,FALSE
162-87172,P,2017,0,0,0,0,0,0,0,1,0,0,0,0,0,0,0,FALSE
162-87173,P,2017,0,0,0,0,0,0,0,1,0,0,0,0,0,0,0,FALSE
162-87174,P,2017,0,0,0,0,0,0,0,1,0,0,0,0,0,0,0,FALSE
162-87175,P,2017,0,0,0,0,0,0,0,1,0,0,0,0,0,0,0,FALSE
162-87176,P,2017,0,0,0,0,0,0,0,1,0,0,0,0,0,0,0,FALSE
162-87178,A,2018,0,0,0,0,0,0,0,0,1,0,0,1,0,0,0,TRUE
162-87179,A,2018,0,0,0,0,0,0,0,0,1,0,0,0,0,0,0,TRUE
162-87180,A,2018,0,0,0,0,0,0,0,0,1,0,0,0,0,0,0,TRUE
162-87181,A,2018,0,0,0,0,0,0,0,0,1,0,0,0,0,0,0,TRUE
162-87182,A,2018,0,0,0,0,0,0,0,0,1,0,0,0,1,0,0,TRUE
162-87182,A,2019,0,0,0,0,0,0,0,0,0,1,0,0,1,0,0,TRUE
162-87183,A,2018,0,0,0,0,0,0,0,0,1,0,0,0,0,0,0,TRUE
162-87184,A,2018,0,0,0,0,0,0,0,0,1,0,0,0,0,0,0,TRUE
162-87185,A,2018,0,0,0,0,0,0,0,0,1,0,0,0,0,0,1,TRUE
162-87186,A,2018,0,0,0,0,0,0,0,0,1,0,0,0,0,0,0,TRUE
162-87187,A,2018,0,0,0,0,0,0,0,0,1,0,0,0,0,0,0,TRUE
162-87188,A,2018,0,0,0,0,0,0,0,0,1,0,0,0,0,0,0,TRUE
162-87189,A,2018,0,0,0,0,0,0,0,0,1,0,0,0,0,0,0,TRUE
162-87190,A,2018,0,0,0,0,0,0,0,0,1,0,0,0,0,0,0,TRUE
162-87191,A,2018,0,0,0,0,0,0,0,0,1,0,0,0,0,0,0,TRUE
162-87192,A,2018,0,0,0,0,0,0,0,0,1,0,1,0,0,0,1,TRUE
162-87193,P,2018,0,0,0,0,0,0,0,0,1,0,0,0,0,0,0,FALSE
162-87194,P,2018,0,0,0,0,0,0,0,0,1,0,0,0,0,1,1,TRUE
162-87195,P,2018,0,0,0,0,0,0,0,0,1,0,0,0,0,0,0,FALSE
162-87196,P,2018,0,0,0,0,0,0,0,0,1,0,0,0,0,0,0,FALSE
162-87197,P,2018,0,0,0,0,0,0,0,0,1,0,0,0,0,0,0,FALSE
162-87198,P,2018,0,0,0,0,0,0,0,0,1,0,0,0,0,0,0,FALSE
162-87199,P,2018,0,0,0,0,0,0,0,0,1,0,0,0,0,1,0,TRUE
162-87200,P,2018,0,0,0,0,0,0,0,0,1,0,0,0,0,1,0,TRUE
162-87201,P,2018,0,0,0,0,0,0,0,0,1,0,0,0,0,0,0,FALSE
162-87202,P,2018,0,0,0,0,0,0,0,0,1,0,0,0,0,0,0,FALSE
162-87203,P,2018,0,0,0,0,0,0,0,0,1,0,0,0,0,0,0,FALSE
162-87204,P,2018,0,0,0,0,0,0,0,0,1,0,0,0,0,0,0,FALSE
162-87205,P,2018,0,0,0,0,0,0,0,0,1,0,0,0,0,0,0,FALSE
162-87206,P,2018,0,0,0,0,0,0,0,0,1,0,0,0,0,0,0,FALSE
162-87207,P,2018,0,0,0,0,0,0,0,0,1,0,0,0,0,0,0,FALSE
162-87208,P,2018,0,0,0,0,0,0,0,0,1,0,0,0,0,0,0,FALSE
162-87209,P,2018,0,0,0,0,0,0,0,0,1,0,0,0,0,0,0,FALSE
162-87210,P,2018,0,0,0,0,0,0,0,0,1,0,0,0,0,0,0,FALSE
162-87211,P,2018,0,0,0,0,0,0,0,0,1,0,0,0,0,0,0,FALSE
162-87212,P,2018,0,0,0,0,0,0,0,0,1,0,0,0,0,0,0,FALSE
162-87213,P,2018,0,0,0,0,0,0,0,0,1,0,0,0,0,0,0,FALSE
162-87214,P,2018,0,0,0,0,0,0,0,0,1,0,0,0,0,0,0,FALSE
162-87215,P,2018,0,0,0,0,0,0,0,0,1,0,0,0,0,1,0,TRUE
162-87216,P,2018,0,0,0,0,0,0,0,0,1,0,0,0,0,0,0,FALSE
162-87217,P,2018,0,0,0,0,0,0,0,0,1,0,0,0,0,0,0,FALSE
162-87218,P,2018,0,0,0,0,0,0,0,0,1,0,0,0,0,0,0,FALSE
162-87219,P,2018,0,0,0,0,0,0,0,0,1,0,0,0,0,1,0,TRUE
162-87220,P,2018,0,0,0,0,0,0,0,0,1,0,0,0,0,1,0,TRUE
162-87221,P,2018,0,0,0,0,0,0,0,0,1,0,0,0,0,0,0,FALSE
162-87222,P,2018,0,0,0,0,0,0,0,0,1,0,0,0,0,0,0,FALSE
162-87223,P,2018,0,0,0,0,0,0,0,0,1,0,0,0,0,0,0,FALSE
162-87224,P,2018,0,0,0,0,0,0,0,0,1,0,0,0,0,0,0,FALSE
162-87225,P,2018,0,0,0,0,0,0,0,0,1,0,0,0,0,0,0,FALSE
162-87226,P,2018,0,0,0,0,0,0,0,0,1,0,0,0,0,0,0,FALSE
162-87227,P,2018,0,0,0,0,0,0,0,0,1,0,0,0,0,0,0,FALSE
162-87228,P,2018,0,0,0,0,0,0,0,0,1,0,0,0,0,0,0,FALSE
162-87229,P,2018,0,0,0,0,0,0,0,0,1,0,0,0,0,0,0,FALSE
162-87230,P,2018,0,0,0,0,0,0,0,0,1,0,0,0,0,0,0,FALSE
162-87231,P,2018,0,0,0,0,0,0,0,0,1,0,0,0,0,0,0,FALSE
162-87232,P,2018,0,0,0,0,0,0,0,0,1,0,0,0,0,0,0,FALSE
162-87233,P,2018,0,0,0,0,0,0,0,0,1,0,0,0,0,0,0,FALSE
162-87234,P,2018,0,0,0,0,0,0,0,0,1,0,0,0,0,0,0,FALSE
162-87235,P,2018,0,0,0,0,0,0,0,0,1,0,0,0,0,0,0,FALSE
162-87236,P,2018,0,0,0,0,0,0,0,0,1,0,0,0,0,0,0,FALSE
162-87237,P,2018,0,0,0,0,0,0,0,0,1,0,0,0,0,0,0,FALSE
162-87238,P,2018,0,0,0,0,0,0,0,0,1,0,0,0,0,0,0,FALSE
162-87239,P,2018,0,0,0,0,0,0,0,0,1,0,0,0,0,0,0,FALSE
162-87240,P,2018,0,0,0,0,0,0,0,0,1,0,0,0,0,1,0,TRUE
162-87241,P,2018,0,0,0,0,0,0,0,0,1,0,0,0,0,1,0,TRUE
162-87242,P,2018,0,0,0,0,0,0,0,0,1,0,0,0,0,0,0,FALSE
162-87243,P,2018,0,0,0,0,0,0,0,0,1,0,0,0,0,0,0,FALSE
162-87244,P,2018,0,0,0,0,0,0,0,0,1,0,0,0,0,0,0,FALSE
162-87245,P,2018,0,0,0,0,0,0,0,0,1,0,0,0,0,0,0,FALSE
162-87246,P,2018,0,0,0,0,0,0,0,0,1,0,0,0,0,0,0,FALSE
162-87247,P,2018,0,0,0,0,0,0,0,0,1,0,0,0,0,1,0,TRUE
162-87248,P,2018,0,0,0,0,0,0,0,0,1,0,0,0,0,0,0,FALSE
162-87249,P,2018,0,0,0,0,0,0,0,0,1,0,0,0,0,1,0,TRUE
162-87250,P,2018,0,0,0,0,0,0,0,0,1,0,0,0,0,0,0,FALSE
162-87251,P,2018,0,0,0,0,0,0,0,0,1,0,0,0,0,0,0,FALSE
162-87252,P,2018,0,0,0,0,0,0,0,0,1,0,0,0,0,0,0,FALSE
162-87253,P,2018,0,0,0,0,0,0,0,0,1,0,0,0,0,0,0,FALSE
162-87254,P,2018,0,0,0,0,0,0,0,0,1,0,0,0,0,0,0,FALSE
162-87255,P,2018,0,0,0,0,0,0,0,0,1,0,0,0,0,0,0,FALSE
162-87256,P,2018,0,0,0,0,0,0,0,0,1,0,0,0,0,0,0,FALSE
162-87257,P,2018,0,0,0,0,0,0,0,0,1,0,0,0,0,0,0,FALSE
162-87258,P,2018,0,0,0,0,0,0,0,0,1,0,0,0,0,0,0,FALSE
162-87259,P,2018,0,0,0,0,0,0,0,0,1,0,0,0,0,0,0,FALSE
162-87260,P,2018,0,0,0,0,0,0,0,0,1,0,0,0,0,0,0,FALSE
162-87261,P,2018,0,0,0,0,0,0,0,0,1,0,0,0,0,0,0,FALSE
162-87262,P,2018,0,0,0,0,0,0,0,0,1,0,0,0,0,0,0,FALSE
162-87263,P,2018,0,0,0,0,0,0,0,0,1,0,0,0,0,0,0,FALSE
162-87264,P,2018,0,0,0,0,0,0,0,0,1,0,0,0,0,0,0,FALSE
162-87265,P,2018,0,0,0,0,0,0,0,0,1,0,0,0,0,0,0,FALSE
162-87266,P,2018,0,0,0,0,0,0,0,0,1,0,0,0,0,0,0,FALSE
162-87267,P,2018,0,0,0,0,0,0,0,0,1,0,0,0,0,0,0,FALSE
162-87268,P,2018,0,0,0,0,0,0,0,0,1,0,0,0,0,0,0,FALSE
162-87269,P,2018,0,0,0,0,0,0,0,0,1,0,0,0,0,0,0,FALSE
162-87270,P,2018,0,0,0,0,0,0,0,0,1,0,0,0,0,0,0,FALSE
162-87271,P,2018,0,0,0,0,0,0,0,0,1,0,0,0,0,0,0,FALSE
162-87272,P,2018,0,0,0,0,0,0,0,0,1,0,0,0,0,0,0,FALSE
162-87273,P,2018,0,0,0,0,0,0,0,0,1,0,0,0,0,0,0,FALSE
162-87274,P,2018,0,0,0,0,0,0,0,0,1,0,0,0,0,0,0,FALSE
162-87275,P,2018,0,0,0,0,0,0,0,0,1,0,0,0,0,1,0,TRUE
162-87276,P,2018,0,0,0,0,0,0,0,0,1,0,0,0,0,0,0,FALSE
162-87277,P,2018,0,0,0,0,0,0,0,0,1,0,0,0,0,0,0,FALSE
162-87278,P,2018,0,0,0,0,0,0,0,0,1,0,0,0,0,0,0,FALSE
162-87279,P,2018,0,0,0,0,0,0,0,0,1,0,0,0,0,0,0,FALSE
162-87280,P,2018,0,0,0,0,0,0,0,0,1,0,0,0,0,0,0,FALSE
162-87281,P,2018,0,0,0,0,0,0,0,0,1,0,0,0,0,0,1,TRUE
162-87283,P,2018,0,0,0,0,0,0,0,0,1,0,0,0,0,0,0,FALSE
162-87284,P,2018,0,0,0,0,0,0,0,0,1,0,0,0,0,0,0,FALSE
162-87285,P,2018,0,0,0,0,0,0,0,0,1,0,0,0,0,0,0,FALSE
162-87286,P,2018,0,0,0,0,0,0,0,0,1,0,0,0,0,0,0,FALSE
162-87287,P,2018,0,0,0,0,0,0,0,0,1,0,0,0,0,0,0,FALSE
162-87288,P,2018,0,0,0,0,0,0,0,0,1,0,0,0,0,0,0,FALSE
162-87289,P,2018,0,0,0,0,0,0,0,0,1,0,0,0,0,0,0,FALSE
162-87290,P,2018,0,0,0,0,0,0,0,0,1,0,0,0,0,1,0,TRUE
162-87291,P,2018,0,0,0,0,0,0,0,0,1,0,0,0,0,0,0,FALSE
162-87292,P,2018,0,0,0,0,0,0,0,0,1,0,0,0,0,0,0,FALSE
162-87293,P,2018,0,0,0,0,0,0,0,0,1,0,0,0,0,0,0,FALSE
162-87294,P,2018,0,0,0,0,0,0,0,0,1,0,0,0,0,0,0,FALSE
162-87295,P,2018,0,0,0,0,0,0,0,0,1,0,0,0,0,0,0,FALSE
162-87296,P,2018,0,0,0,0,0,0,0,0,1,0,0,0,0,0,0,FALSE
162-87297,P,2018,0,0,0,0,0,0,0,0,1,0,0,0,0,0,0,FALSE
162-87298,P,2018,0,0,0,0,0,0,0,0,1,0,0,0,1,0,0,TRUE
162-87299,P,2018,0,0,0,0,0,0,0,0,1,0,0,0,0,0,0,FALSE
162-87300,P,2018,0,0,0,0,0,0,0,0,1,0,0,0,0,1,0,TRUE
162-87301,P,2018,0,0,0,0,0,0,0,0,1,0,0,0,0,0,0,FALSE
162-87302,P,2018,0,0,0,0,0,0,0,0,1,0,0,0,0,0,0,FALSE
162-87303,P,2018,0,0,0,0,0,0,0,0,1,0,0,0,0,1,0,TRUE
162-87304,P,2018,0,0,0,0,0,0,0,0,1,0,0,0,0,0,0,FALSE
162-87305,P,2018,0,0,0,0,0,0,0,0,1,0,0,0,0,1,0,TRUE
162-87306,P,2018,0,0,0,0,0,0,0,0,1,0,0,0,0,0,0,FALSE
162-87307,P,2018,0,0,0,0,0,0,0,0,1,0,0,0,0,0,1,TRUE
162-87308,A,2019,0,0,0,0,0,0,0,0,0,1,0,0,0,0,0,TRUE
162-87309,A,2019,0,0,0,0,0,0,0,0,0,1,0,0,0,0,0,TRUE
162-87310,A,2019,0,0,0,0,0,0,0,0,0,1,0,1,0,0,0,TRUE
162-87311,A,2019,0,0,0,0,0,0,0,0,0,1,0,0,0,0,0,TRUE
162-87312,A,2019,0,0,0,0,0,0,0,0,0,1,1,1,0,0,0,TRUE
162-87313,A,2019,0,0,0,0,0,0,0,0,0,1,1,0,1,1,0,TRUE
162-87314,A,2019,0,0,0,0,0,0,0,0,0,1,0,0,0,0,0,TRUE
162-87315,A,2019,0,0,0,0,0,0,0,0,0,1,0,0,0,0,0,TRUE
162-87316,A,2019,0,0,0,0,0,0,0,0,0,1,0,0,0,0,0,TRUE
162-87317,A,2019,0,0,0,0,0,0,0,0,0,1,0,0,0,1,0,TRUE
162-87318,A,2019,0,0,0,0,0,0,0,0,0,1,0,0,0,0,0,TRUE
162-87319,A,2019,0,0,0,0,0,0,0,0,0,1,0,0,1,0,0,TRUE
162-87320,A,2019,0,0,0,0,0,0,0,0,0,1,0,1,1,1,1,TRUE
162-87321,A,2019,0,0,0,0,0,0,0,0,0,1,1,0,0,0,0,TRUE
162-87322,A,2019,0,0,0,0,0,0,0,0,0,1,0,0,0,0,0,TRUE
162-87323,A,2019,0,0,0,0,0,0,0,0,0,1,0,0,0,0,0,TRUE
162-87324,P,2019,0,0,0,0,0,0,0,0,0,1,0,0,0,0,1,TRUE
162-87325,A,2019,0,0,0,0,0,0,0,0,0,1,0,0,0,0,0,TRUE
162-87326,A,2019,0,0,0,0,0,0,0,0,0,1,1,0,1,1,0,TRUE
162-87327,A,2019,0,0,0,0,0,0,0,0,0,1,1,0,0,0,0,TRUE
162-87328,A,2019,0,0,0,0,0,0,0,0,0,1,0,0,0,0,0,TRUE
162-87329,A,2019,0,0,0,0,0,0,0,0,0,1,0,0,0,0,0,TRUE
162-87330,A,2019,0,0,0,0,0,0,0,0,0,1,0,0,0,0,0,TRUE
162-87331,A,2019,0,0,0,0,0,0,0,0,0,1,0,0,0,0,0,TRUE
162-87332,P,2019,0,0,0,0,0,0,0,0,0,1,0,0,0,0,0,FALSE
162-87333,P,2019,0,0,0,0,0,0,0,0,0,1,0,0,0,0,0,FALSE
162-87334,P,2019,0,0,0,0,0,0,0,0,0,1,0,0,0,0,0,FALSE
162-87335,P,2019,0,0,0,0,0,0,0,0,0,1,0,0,0,0,0,FALSE
162-87336,P,2019,0,0,0,0,0,0,0,0,0,1,0,0,0,0,0,FALSE
162-87337,P,2019,0,0,0,0,0,0,0,0,0,1,0,0,0,0,0,FALSE
162-87338,P,2019,0,0,0,0,0,0,0,0,0,1,0,0,0,0,0,FALSE
162-87339,P,2019,0,0,0,0,0,0,0,0,0,1,0,0,0,0,0,FALSE
162-87340,P,2019,0,0,0,0,0,0,0,0,0,1,0,0,0,0,0,FALSE
162-87341,P,2019,0,0,0,0,0,0,0,0,0,1,0,0,0,0,0,FALSE
162-87342,P,2019,0,0,0,0,0,0,0,0,0,1,0,0,0,0,0,FALSE
162-87343,P,2019,0,0,0,0,0,0,0,0,0,1,0,0,0,0,0,FALSE
162-87344,P,2019,0,0,0,0,0,0,0,0,0,1,0,0,0,0,1,TRUE
162-87345,P,2019,0,0,0,0,0,0,0,0,0,1,0,0,0,0,0,FALSE
162-87346,P,2019,0,0,0,0,0,0,0,0,0,1,0,0,0,0,0,FALSE
162-87347,P,2019,0,0,0,0,0,0,0,0,0,1,0,0,0,0,0,FALSE
162-87348,P,2019,0,0,0,0,0,0,0,0,0,1,0,0,0,0,0,FALSE
162-87349,P,2019,0,0,0,0,0,0,0,0,0,1,0,0,0,0,0,FALSE
162-87350,P,2019,0,0,0,0,0,0,0,0,0,1,0,0,0,0,0,FALSE
162-87351,P,2019,0,0,0,0,0,0,0,0,0,1,0,0,0,0,0,FALSE
162-87352,P,2019,0,0,0,0,0,0,0,0,0,1,0,0,0,0,0,FALSE
162-87353,P,2019,0,0,0,0,0,0,0,0,0,1,0,0,0,0,0,FALSE
162-87354,P,2019,0,0,0,0,0,0,0,0,0,1,0,0,0,0,0,FALSE
162-87355,P,2019,0,0,0,0,0,0,0,0,0,1,0,0,0,0,0,FALSE
162-87356,P,2019,0,0,0,0,0,0,0,0,0,1,0,0,0,0,0,FALSE
162-87357,P,2019,0,0,0,0,0,0,0,0,0,1,0,0,0,0,0,FALSE
162-87358,P,2019,0,0,0,0,0,0,0,0,0,1,0,0,0,0,0,FALSE
162-87359,P,2019,0,0,0,0,0,0,0,0,0,1,0,0,0,0,0,FALSE
162-87360,P,2019,0,0,0,0,0,0,0,0,0,1,0,0,0,0,0,FALSE
162-87361,P,2019,0,0,0,0,0,0,0,0,0,1,0,0,0,0,0,FALSE
162-87362,P,2019,0,0,0,0,0,0,0,0,0,1,0,0,0,0,0,FALSE
162-87363,P,2019,0,0,0,0,0,0,0,0,0,1,0,0,0,0,0,FALSE
162-87364,P,2019,0,0,0,0,0,0,0,0,0,1,0,0,0,0,0,FALSE
162-87365,P,2019,0,0,0,0,0,0,0,0,0,1,0,0,0,0,0,FALSE
162-87366,P,2019,0,0,0,0,0,0,0,0,0,1,0,0,0,0,0,FALSE
162-87367,P,2019,0,0,0,0,0,0,0,0,0,1,0,0,0,0,0,FALSE
162-87368,P,2019,0,0,0,0,0,0,0,0,0,1,0,0,0,0,0,FALSE
162-87369,P,2019,0,0,0,0,0,0,0,0,0,1,0,0,0,0,0,FALSE
162-87370,P,2019,0,0,0,0,0,0,0,0,0,1,0,0,0,0,0,FALSE
162-87371,P,2019,0,0,0,0,0,0,0,0,0,1,0,0,0,0,0,FALSE
162-87372,P,2019,0,0,0,0,0,0,0,0,0,1,0,0,0,1,1,TRUE
162-87373,P,2019,0,0,0,0,0,0,0,0,0,1,0,0,0,1,0,TRUE
162-87374,P,2019,0,0,0,0,0,0,0,0,0,1,0,0,0,0,0,FALSE
162-87375,P,2019,0,0,0,0,0,0,0,0,0,1,0,0,0,0,0,FALSE
162-87376,P,2019,0,0,0,0,0,0,0,0,0,1,0,0,0,0,0,FALSE
162-87377,P,2019,0,0,0,0,0,0,0,0,0,1,0,0,0,0,0,FALSE
162-87378,P,2019,0,0,0,0,0,0,0,0,0,1,0,0,0,0,0,FALSE
162-87379,P,2019,0,0,0,0,0,0,0,0,0,1,0,0,0,0,0,FALSE
162-87380,P,2019,0,0,0,0,0,0,0,0,0,1,0,0,0,0,0,FALSE
162-87381,P,2019,0,0,0,0,0,0,0,0,0,1,0,0,0,0,0,FALSE
162-87382,P,2019,0,0,0,0,0,0,0,0,0,1,0,0,0,0,0,FALSE
162-87383,P,2019,0,0,0,0,0,0,0,0,0,1,0,0,0,0,0,FALSE
162-87384,P,2019,0,0,0,0,0,0,0,0,0,1,0,0,0,0,0,FALSE
162-87385,P,2019,0,0,0,0,0,0,0,0,0,1,0,0,0,0,0,FALSE
162-87386,P,2019,0,0,0,0,0,0,0,0,0,1,0,0,0,0,0,FALSE
162-87387,P,2019,0,0,0,0,0,0,0,0,0,1,0,0,0,0,1,TRUE
162-87388,P,2019,0,0,0,0,0,0,0,0,0,1,0,0,0,0,0,FALSE
162-87389,P,2019,0,0,0,0,0,0,0,0,0,1,0,0,0,0,0,FALSE
162-87390,P,2019,0,0,0,0,0,0,0,0,0,1,0,0,0,0,1,TRUE
162-87391,P,2019,0,0,0,0,0,0,0,0,0,1,0,0,0,0,0,FALSE
162-87392,P,2019,0,0,0,0,0,0,0,0,0,1,0,0,0,0,1,TRUE
162-87393,P,2019,0,0,0,0,0,0,0,0,0,1,0,0,0,0,0,FALSE
162-87394,P,2019,0,0,0,0,0,0,0,0,0,1,0,0,0,0,0,FALSE
162-87395,P,2019,0,0,0,0,0,0,0,0,0,1,0,0,0,0,0,FALSE
162-87396,P,2019,0,0,0,0,0,0,0,0,0,1,0,0,0,0,0,FALSE
162-87397,P,2019,0,0,0,0,0,0,0,0,0,1,0,0,0,0,0,FALSE
162-87398,P,2019,0,0,0,0,0,0,0,0,0,1,0,0,0,0,0,FALSE
162-87399,P,2019,0,0,0,0,0,0,0,0,0,1,0,0,0,0,0,FALSE
162-87400,P,2019,0,0,0,0,0,0,0,0,0,1,0,0,0,0,0,FALSE
162-87401,P,2019,0,0,0,0,0,0,0,0,0,1,0,0,0,0,0,FALSE
162-87402,P,2019,0,0,0,0,0,0,0,0,0,1,0,0,0,0,0,FALSE
162-87403,P,2019,0,0,0,0,0,0,0,0,0,1,0,0,0,0,0,FALSE
162-87404,P,2019,0,0,0,0,0,0,0,0,0,1,0,0,0,0,0,FALSE
162-87405,A,2019,0,0,0,0,0,0,0,0,0,1,0,0,0,0,0,TRUE
162-87406,P,2019,0,0,0,0,0,0,0,0,0,1,0,0,0,0,0,FALSE
162-87407,P,2019,0,0,0,0,0,0,0,0,0,1,0,0,0,0,0,FALSE
162-87408,P,2019,0,0,0,0,0,0,0,0,0,1,0,0,0,0,0,FALSE
162-87409,P,2019,0,0,0,0,0,0,0,0,0,1,0,0,0,0,1,TRUE
162-87410,P,2019,0,0,0,0,0,0,0,0,0,1,0,0,0,0,0,FALSE
162-87411,P,2019,0,0,0,0,0,0,0,0,0,1,0,0,0,0,0,FALSE
162-87412,P,2019,0,0,0,0,0,0,0,0,0,1,0,0,0,0,0,FALSE
162-87413,A,2019,0,0,0,0,0,0,0,0,0,1,0,0,0,0,0,TRUE
162-87414,A,2019,0,0,0,0,0,0,0,0,0,1,0,0,0,0,0,TRUE
162-87415,P,2019,0,0,0,0,0,0,0,0,0,1,0,0,0,0,0,FALSE
162-87416,P,2019,0,0,0,0,0,0,0,0,0,1,0,0,0,0,1,TRUE
162-87417,P,2019,0,0,0,0,0,0,0,0,0,1,0,0,0,0,0,FALSE
162-87418,A,2019,0,0,0,0,0,0,0,0,0,1,0,0,0,1,0,TRUE
162-87419,P,2019,0,0,0,0,0,0,0,0,0,1,0,0,0,0,0,FALSE
162-87420,P,2019,0,0,0,0,0,0,0,0,0,1,0,0,0,0,0,FALSE
162-87421,P,2019,0,0,0,0,0,0,0,0,0,1,0,0,0,0,0,FALSE
162-87422,P,2019,0,0,0,0,0,0,0,0,0,1,0,0,0,0,0,FALSE
162-87423,P,2019,0,0,0,0,0,0,0,0,0,1,0,0,0,0,0,FALSE
162-87424,A,2019,0,0,0,0,0,0,0,0,0,1,0,0,0,0,0,TRUE
162-87425,A,2019,0,0,0,0,0,0,0,0,0,1,0,0,0,0,0,TRUE
162-87426,P,2019,0,0,0,0,0,0,0,0,0,1,0,0,0,0,0,FALSE
162-87427,P,2019,0,0,0,0,0,0,0,0,0,1,0,0,0,0,0,FALSE
162-87428,P,2019,0,0,0,0,0,0,0,0,0,1,0,0,0,0,0,FALSE
162-87429,P,2019,0,0,0,0,0,0,0,0,0,1,0,0,0,0,0,FALSE
162-87430,P,2019,0,0,0,0,0,0,0,0,0,1,0,0,0,0,0,FALSE
162-87431,P,2019,0,0,0,0,0,0,0,0,0,1,0,0,0,0,0,FALSE
162-87432,P,2019,0,0,0,0,0,0,0,0,0,1,0,0,0,0,0,FALSE
162-87433,P,2019,0,0,0,0,0,0,0,0,0,1,0,0,0,0,0,FALSE
162-87434,P,2019,0,0,0,0,0,0,0,0,0,1,0,0,0,1,0,TRUE
162-87435,A,2019,0,0,0,0,0,0,0,0,0,1,0,0,0,0,0,TRUE
162-87436,P,2019,0,0,0,0,0,0,0,0,0,1,0,0,0,0,0,FALSE
162-87437,P,2019,0,0,0,0,0,0,0,0,0,1,0,0,0,0,0,FALSE
162-87438,A,2019,0,0,0,0,0,0,0,0,0,1,0,0,0,0,0,TRUE
162-87439,A,2019,0,0,0,0,0,0,0,0,0,1,0,0,0,0,0,TRUE
162-87440,P,2019,0,0,0,0,0,0,0,0,0,1,0,0,0,0,1,TRUE
162-87441,P,2019,0,0,0,0,0,0,0,0,0,1,0,0,0,0,0,FALSE
162-87442,A,2019,0,0,0,0,0,0,0,0,0,1,0,0,0,0,0,TRUE
162-87443,P,2019,0,0,0,0,0,0,0,0,0,1,0,0,0,0,0,FALSE
162-87444,P,2019,0,0,0,0,0,0,0,0,0,1,0,0,0,0,0,FALSE
162-87445,P,2019,0,0,0,0,0,0,0,0,0,1,0,0,0,0,0,FALSE
162-87446,P,2019,0,0,0,0,0,0,0,0,0,1,0,0,0,0,0,FALSE
162-87447,P,2019,0,0,0,0,0,0,0,0,0,1,0,0,0,0,0,FALSE
162-87448,P,2019,0,0,0,0,0,0,0,0,0,1,0,0,0,0,0,FALSE
162-87449,P,2019,0,0,0,0,0,0,0,0,0,1,0,0,0,0,0,FALSE
162-87450,P,2019,0,0,0,0,0,0,0,0,0,1,0,0,0,0,0,FALSE
162-87451,P,2019,0,0,0,0,0,0,0,0,0,1,0,0,0,0,1,TRUE
162-87452,P,2019,0,0,0,0,0,0,0,0,0,1,0,0,0,0,1,TRUE
162-87453,P,2019,0,0,0,0,0,0,0,0,0,1,0,0,0,0,0,FALSE
162-87454,P,2019,0,0,0,0,0,0,0,0,0,1,0,0,0,0,0,FALSE
162-87455,A,2019,0,0,0,0,0,0,0,0,0,1,0,0,0,1,0,TRUE
162-87456,P,2019,0,0,0,0,0,0,0,0,0,1,0,0,0,0,0,FALSE
162-87457,P,2019,0,0,0,0,0,0,0,0,0,1,0,0,0,0,0,FALSE
162-87458,P,2019,0,0,0,0,0,0,0,0,0,1,0,0,0,0,0,FALSE
162-87459,P,2019,0,0,0,0,0,0,0,0,0,1,0,0,0,0,0,FALSE
162-87460,A,2019,0,0,0,0,0,0,0,0,0,1,0,0,0,0,0,TRUE
162-87461,P,2019,0,0,0,0,0,0,0,0,0,1,0,0,0,0,0,FALSE
162-87462,P,2019,0,0,0,0,0,0,0,0,0,1,0,0,0,0,0,FALSE
162-87463,P,2019,0,0,0,0,0,0,0,0,0,1,0,0,0,0,0,FALSE
162-87464,P,2019,0,0,0,0,0,0,0,0,0,1,0,0,0,0,0,FALSE
162-87465,P,2019,0,0,0,0,0,0,0,0,0,1,0,0,0,0,0,FALSE
162-87466,P,2019,0,0,0,0,0,0,0,0,0,1,0,0,0,0,0,FALSE
162-87467,P,2019,0,0,0,0,0,0,0,0,0,1,0,0,0,0,0,FALSE
162-87468,P,2019,0,0,0,0,0,0,0,0,0,1,0,0,0,0,0,FALSE
162-87469,P,2019,0,0,0,0,0,0,0,0,0,1,0,0,0,0,0,FALSE
162-87470,P,2019,0,0,0,0,0,0,0,0,0,1,0,0,0,0,0,FALSE
162-87471,P,2019,0,0,0,0,0,0,0,0,0,1,0,0,0,0,0,FALSE
162-87472,P,2019,0,0,0,0,0,0,0,0,0,1,0,0,0,0,0,FALSE
162-87473,P,2019,0,0,0,0,0,0,0,0,0,1,0,0,0,0,0,FALSE
162-87474,P,2019,0,0,0,0,0,0,0,0,0,1,0,0,0,0,0,FALSE
162-87475,P,2019,0,0,0,0,0,0,0,0,0,1,0,0,0,0,0,FALSE
162-87476,P,2019,0,0,0,0,0,0,0,0,0,1,0,0,0,0,1,TRUE
162-87477,P,2019,0,0,0,0,0,0,0,0,0,1,0,0,0,0,0,FALSE
162-87478,P,2019,0,0,0,0,0,0,0,0,0,1,0,0,0,0,0,FALSE
162-87479,P,2019,0,0,0,0,0,0,0,0,0,1,0,0,0,0,0,FALSE
162-87480,P,2019,0,0,0,0,0,0,0,0,0,1,0,0,0,0,0,FALSE
162-87481,P,2019,0,0,0,0,0,0,0,0,0,1,0,0,0,0,0,FALSE
162-87482,P,2019,0,0,0,0,0,0,0,0,0,1,0,0,0,0,0,FALSE
162-87483,P,2019,0,0,0,0,0,0,0,0,0,1,0,0,0,0,0,FALSE
162-87484,P,2019,0,0,0,0,0,0,0,0,0,1,0,0,0,0,0,FALSE
162-87485,P,2019,0,0,0,0,0,0,0,0,0,1,0,0,0,0,0,FALSE
162-87486,P,2019,0,0,0,0,0,0,0,0,0,1,0,0,0,0,1,TRUE
162-87488,P,2021,0,0,0,0,0,0,0,0,0,0,0,1,0,0,0,FALSE
162-87489,P,2021,0,0,0,0,0,0,0,0,0,0,0,1,0,0,0,FALSE
162-87490,P,2021,0,0,0,0,0,0,0,0,0,0,0,1,0,0,0,FALSE
162-87491,P,2021,0,0,0,0,0,0,0,0,0,0,0,1,0,0,0,FALSE
162-87492,P,2021,0,0,0,0,0,0,0,0,0,0,0,1,0,0,0,FALSE
162-87493,P,2021,0,0,0,0,0,0,0,0,0,0,0,1,0,0,0,FALSE
162-87494,P,2021,0,0,0,0,0,0,0,0,0,0,0,1,0,0,0,FALSE
162-87495,P,2021,0,0,0,0,0,0,0,0,0,0,0,1,0,0,0,FALSE
162-87496,P,2021,0,0,0,0,0,0,0,0,0,0,0,1,0,0,0,FALSE
162-87497,P,2021,0,0,0,0,0,0,0,0,0,0,0,1,0,0,0,FALSE
162-87498,P,2021,0,0,0,0,0,0,0,0,0,0,0,1,0,0,0,FALSE
162-87499,P,2021,0,0,0,0,0,0,0,0,0,0,0,1,0,0,0,FALSE
162-87500,P,2021,0,0,0,0,0,0,0,0,0,0,0,1,0,0,0,FALSE
162-89651,P,2022,0,0,0,0,0,0,0,0,0,0,0,0,1,0,0,FALSE
162-89652,P,2022,0,0,0,0,0,0,0,0,0,0,0,0,1,0,0,FALSE
162-89653,P,2022,0,0,0,0,0,0,0,0,0,0,0,0,1,0,0,FALSE
162-89654,P,2022,0,0,0,0,0,0,0,0,0,0,0,0,1,0,0,FALSE
162-89655,P,2022,0,0,0,0,0,0,0,0,0,0,0,0,1,0,0,FALSE
162-89656,P,2022,0,0,0,0,0,0,0,0,0,0,0,0,1,0,0,FALSE
162-89657,P,2022,0,0,0,0,0,0,0,0,0,0,0,0,1,0,0,FALSE
162-89658,P,2022,0,0,0,0,0,0,0,0,0,0,0,0,1,0,0,FALSE
162-89659,P,2022,0,0,0,0,0,0,0,0,0,0,0,0,1,0,0,FALSE
162-89660,P,2022,0,0,0,0,0,0,0,0,0,0,0,0,1,0,0,FALSE
162-89661,P,2022,0,0,0,0,0,0,0,0,0,0,0,0,1,0,0,FALSE
162-89662,P,2022,0,0,0,0,0,0,0,0,0,0,0,0,1,0,0,FALSE
162-89663,P,2022,0,0,0,0,0,0,0,0,0,0,0,0,1,0,0,FALSE
162-89664,P,2022,0,0,0,0,0,0,0,0,0,0,0,0,1,0,0,FALSE
162-89665,P,2022,0,0,0,0,0,0,0,0,0,0,0,0,1,0,0,FALSE
162-89666,P,2022,0,0,0,0,0,0,0,0,0,0,0,0,1,0,0,FALSE
162-89667,P,2022,0,0,0,0,0,0,0,0,0,0,0,0,1,0,0,FALSE
162-89668,P,2022,0,0,0,0,0,0,0,0,0,0,0,0,1,0,0,FALSE
162-89669,P,2022,0,0,0,0,0,0,0,0,0,0,0,0,1,0,0,FALSE
162-89670,P,2022,0,0,0,0,0,0,0,0,0,0,0,0,1,0,0,FALSE
162-89671,P,2022,0,0,0,0,0,0,0,0,0,0,0,0,1,0,0,FALSE
162-89672,P,2022,0,0,0,0,0,0,0,0,0,0,0,0,1,0,0,FALSE
162-89673,P,2022,0,0,0,0,0,0,0,0,0,0,0,0,1,0,0,FALSE
162-89674,P,2022,0,0,0,0,0,0,0,0,0,0,0,0,1,0,0,FALSE
162-89675,P,2022,0,0,0,0,0,0,0,0,0,0,0,0,1,0,0,FALSE
162-89676,P,2022,0,0,0,0,0,0,0,0,0,0,0,0,1,0,0,FALSE
162-89677,P,2022,0,0,0,0,0,0,0,0,0,0,0,0,1,0,0,FALSE
162-89678,P,2022,0,0,0,0,0,0,0,0,0,0,0,0,1,0,0,FALSE
162-89679,P,2022,0,0,0,0,0,0,0,0,0,0,0,0,1,0,0,FALSE
162-89680,A,2022,0,0,0,0,0,0,0,0,0,0,0,0,1,0,0,TRUE
162-89681,A,2022,0,0,0,0,0,0,0,0,0,0,0,0,1,1,0,TRUE
162-89682,A,2022,0,0,0,0,0,0,0,0,0,0,0,0,1,0,1,TRUE
162-89683,A,2022,0,0,0,0,0,0,0,0,0,0,0,0,1,0,0,TRUE
162-89684,A,2022,0,0,0,0,0,0,0,0,0,0,0,0,1,0,0,TRUE
162-89685,A,2022,0,0,0,0,0,0,0,0,0,0,0,0,1,0,0,TRUE
162-89687,A,2023,0,0,0,0,0,0,0,0,0,0,0,0,0,1,0,TRUE
162-89688,A,2023,0,0,0,0,0,0,0,0,0,0,0,0,0,1,1,TRUE
162-89689,A,2023,0,0,0,0,0,0,0,0,0,0,0,0,0,1,1,TRUE
162-89690,P,2023,0,0,0,0,0,0,0,0,0,0,0,0,0,1,0,FALSE
162-89691,A,2023,0,0,0,0,0,0,0,0,0,0,0,0,0,1,0,TRUE
162-89692,A,2023,0,0,0,0,0,0,0,0,0,0,0,0,0,1,0,TRUE
162-89693,P,2023,0,0,0,0,0,0,0,0,0,0,0,0,0,1,0,FALSE
162-89694,P,2023,0,0,0,0,0,0,0,0,0,0,0,0,0,1,0,FALSE
162-89695,A,2023,0,0,0,0,0,0,0,0,0,0,0,0,0,1,0,TRUE
162-89696,P,2023,0,0,0,0,0,0,0,0,0,0,0,0,0,1,0,FALSE
162-89697,A,2023,0,0,0,0,0,0,0,0,0,0,0,0,0,1,1,TRUE
162-89698,P,2023,0,0,0,0,0,0,0,0,0,0,0,0,0,1,0,FALSE
162-89699,P,2023,0,0,0,0,0,0,0,0,0,0,0,0,0,1,0,FALSE
162-89700,P,2023,0,0,0,0,0,0,0,0,0,0,0,0,0,1,0,FALSE
162-89701,P,2023,0,0,0,0,0,0,0,0,0,0,0,0,0,1,0,FALSE
162-89702,P,2023,0,0,0,0,0,0,0,0,0,0,0,0,0,1,0,FALSE
162-89703,P,2023,0,0,0,0,0,0,0,0,0,0,0,0,0,1,0,FALSE
162-89704,P,2023,0,0,0,0,0,0,0,0,0,0,0,0,0,1,0,FALSE
162-89705,A,2023,0,0,0,0,0,0,0,0,0,0,0,0,0,1,1,TRUE
162-89851,P,2021,0,0,0,0,0,0,0,0,0,0,0,1,0,0,0,FALSE
162-89852,P,2021,0,0,0,0,0,0,0,0,0,0,0,1,0,0,0,FALSE
162-89853,P,2021,0,0,0,0,0,0,0,0,0,0,0,1,0,0,0,FALSE
162-89854,P,2021,0,0,0,0,0,0,0,0,0,0,0,1,0,0,0,FALSE
162-89855,P,2021,0,0,0,0,0,0,0,0,0,0,0,1,0,0,0,FALSE
162-89856,P,2021,0,0,0,0,0,0,0,0,0,0,0,1,0,0,0,FALSE
162-89857,P,2021,0,0,0,0,0,0,0,0,0,0,0,1,0,0,0,FALSE
162-89858,P,2021,0,0,0,0,0,0,0,0,0,0,0,1,0,0,0,FALSE
162-89859,P,2021,0,0,0,0,0,0,0,0,0,0,0,1,0,0,0,FALSE
162-89860,P,2021,0,0,0,0,0,0,0,0,0,0,0,1,0,0,0,FALSE
162-89861,P,2021,0,0,0,0,0,0,0,0,0,0,0,1,0,0,0,FALSE
162-89862,P,2021,0,0,0,0,0,0,0,0,0,0,0,1,0,0,0,FALSE
162-89863,P,2021,0,0,0,0,0,0,0,0,0,0,0,1,0,0,0,FALSE
162-89864,P,2021,0,0,0,0,0,0,0,0,0,0,0,1,0,0,0,FALSE
162-89865,P,2021,0,0,0,0,0,0,0,0,0,0,0,1,0,0,0,FALSE
162-89866,P,2021,0,0,0,0,0,0,0,0,0,0,0,1,0,0,0,FALSE
162-89867,P,2021,0,0,0,0,0,0,0,0,0,0,0,1,0,0,0,FALSE
162-89868,P,2021,0,0,0,0,0,0,0,0,0,0,0,1,0,0,0,FALSE
162-89869,P,2021,0,0,0,0,0,0,0,0,0,0,0,1,0,0,0,FALSE
162-89870,P,2021,0,0,0,0,0,0,0,0,0,0,0,1,0,0,0,FALSE
162-89871,P,2021,0,0,0,0,0,0,0,0,0,0,0,1,0,0,0,FALSE
162-89872,P,2021,0,0,0,0,0,0,0,0,0,0,0,1,0,0,0,FALSE
162-89873,P,2021,0,0,0,0,0,0,0,0,0,0,0,1,0,0,0,FALSE
162-89874,A,2021,0,0,0,0,0,0,0,0,0,0,0,1,1,0,0,TRUE
162-89875,A,2021,0,0,0,0,0,0,0,0,0,0,0,1,0,0,0,TRUE
162-89876,A,2021,0,0,0,0,0,0,0,0,0,0,0,1,0,0,0,TRUE
162-89877,A,2021,0,0,0,0,0,0,0,0,0,0,0,1,0,0,0,TRUE
162-89884,P,2022,0,0,0,0,0,0,0,0,0,0,0,0,1,0,0,FALSE
162-89885,P,2022,0,0,0,0,0,0,0,0,0,0,0,0,1,0,0,FALSE
162-89886,P,2022,0,0,0,0,0,0,0,0,0,0,0,0,1,0,0,FALSE
162-89887,P,2022,0,0,0,0,0,0,0,0,0,0,0,0,1,0,0,FALSE
162-89888,P,2022,0,0,0,0,0,0,0,0,0,0,0,0,1,0,0,FALSE
162-89889,P,2022,0,0,0,0,0,0,0,0,0,0,0,0,1,0,0,FALSE
162-89890,P,2022,0,0,0,0,0,0,0,0,0,0,0,0,1,0,0,FALSE
162-89891,P,2022,0,0,0,0,0,0,0,0,0,0,0,0,1,0,0,FALSE
162-89892,P,2022,0,0,0,0,0,0,0,0,0,0,0,0,1,0,0,FALSE
162-89893,P,2022,0,0,0,0,0,0,0,0,0,0,0,0,1,0,0,FALSE
162-89894,P,2022,0,0,0,0,0,0,0,0,0,0,0,0,1,0,0,FALSE
162-89895,P,2022,0,0,0,0,0,0,0,0,0,0,0,0,1,0,0,FALSE
162-89896,P,2022,0,0,0,0,0,0,0,0,0,0,0,0,1,0,0,FALSE
162-89897,P,2022,0,0,0,0,0,0,0,0,0,0,0,0,1,0,0,FALSE
162-89898,P,2022,0,0,0,0,0,0,0,0,0,0,0,0,1,0,0,FALSE
162-89899,P,2022,0,0,0,0,0,0,0,0,0,0,0,0,1,0,0,FALSE
162-89900,P,2022,0,0,0,0,0,0,0,0,0,0,0,0,1,0,0,FALSE
162-91051,P,2023,0,0,0,0,0,0,0,0,0,0,0,0,0,1,0,FALSE
162-91052,P,2023,0,0,0,0,0,0,0,0,0,0,0,0,0,1,0,FALSE
162-91053,P,2023,0,0,0,0,0,0,0,0,0,0,0,0,0,1,0,FALSE
162-91054,P,2023,0,0,0,0,0,0,0,0,0,0,0,0,0,1,0,FALSE
162-91055,P,2023,0,0,0,0,0,0,0,0,0,0,0,0,0,1,0,FALSE
162-91056,P,2023,0,0,0,0,0,0,0,0,0,0,0,0,0,1,0,FALSE
162-91057,P,2023,0,0,0,0,0,0,0,0,0,0,0,0,0,1,0,FALSE
162-91058,P,2023,0,0,0,0,0,0,0,0,0,0,0,0,0,1,0,FALSE
162-91059,P,2023,0,0,0,0,0,0,0,0,0,0,0,0,0,1,0,FALSE
162-91060,P,2023,0,0,0,0,0,0,0,0,0,0,0,0,0,1,0,FALSE
162-91061,P,2023,0,0,0,0,0,0,0,0,0,0,0,0,0,1,0,FALSE
162-91062,P,2023,0,0,0,0,0,0,0,0,0,0,0,0,0,1,0,FALSE
162-91063,P,2023,0,0,0,0,0,0,0,0,0,0,0,0,0,1,0,FALSE
162-91064,P,2023,0,0,0,0,0,0,0,0,0,0,0,0,0,1,0,FALSE
162-91065,P,2023,0,0,0,0,0,0,0,0,0,0,0,0,0,1,0,FALSE
162-91066,P,2023,0,0,0,0,0,0,0,0,0,0,0,0,0,1,0,FALSE
162-91067,P,2023,0,0,0,0,0,0,0,0,0,0,0,0,0,1,0,FALSE
162-91068,P,2023,0,0,0,0,0,0,0,0,0,0,0,0,0,1,0,FALSE
162-91069,P,2023,0,0,0,0,0,0,0,0,0,0,0,0,0,1,0,FALSE
162-91070,P,2023,0,0,0,0,0,0,0,0,0,0,0,0,0,1,0,FALSE
162-91071,P,2023,0,0,0,0,0,0,0,0,0,0,0,0,0,1,0,FALSE
162-91072,P,2023,0,0,0,0,0,0,0,0,0,0,0,0,0,1,0,FALSE
162-91073,P,2023,0,0,0,0,0,0,0,0,0,0,0,0,0,1,0,FALSE
162-91074,P,2023,0,0,0,0,0,0,0,0,0,0,0,0,0,1,0,FALSE
162-91075,P,2023,0,0,0,0,0,0,0,0,0,0,0,0,0,1,0,FALSE
162-91076,P,2023,0,0,0,0,0,0,0,0,0,0,0,0,0,1,0,FALSE
162-91077,P,2023,0,0,0,0,0,0,0,0,0,0,0,0,0,1,0,FALSE
162-91078,P,2023,0,0,0,0,0,0,0,0,0,0,0,0,0,1,0,FALSE
162-91079,P,2023,0,0,0,0,0,0,0,0,0,0,0,0,0,1,0,FALSE
162-91080,P,2023,0,0,0,0,0,0,0,0,0,0,0,0,0,1,0,FALSE
162-91081,P,2023,0,0,0,0,0,0,0,0,0,0,0,0,0,1,0,FALSE
162-91082,P,2023,0,0,0,0,0,0,0,0,0,0,0,0,0,1,0,FALSE
162-91083,P,2023,0,0,0,0,0,0,0,0,0,0,0,0,0,1,0,FALSE
162-91084,P,2023,0,0,0,0,0,0,0,0,0,0,0,0,0,1,0,FALSE
162-91085,P,2023,0,0,0,0,0,0,0,0,0,0,0,0,0,1,0,FALSE
162-91086,P,2023,0,0,0,0,0,0,0,0,0,0,0,0,0,1,0,FALSE
162-91087,P,2023,0,0,0,0,0,0,0,0,0,0,0,0,0,1,0,FALSE
162-91088,P,2023,0,0,0,0,0,0,0,0,0,0,0,0,0,1,0,FALSE
162-91089,P,2023,0,0,0,0,0,0,0,0,0,0,0,0,0,1,0,FALSE
162-91090,P,2023,0,0,0,0,0,0,0,0,0,0,0,0,0,1,0,FALSE
162-91091,P,2023,0,0,0,0,0,0,0,0,0,0,0,0,0,1,0,FALSE
162-91092,P,2023,0,0,0,0,0,0,0,0,0,0,0,0,0,1,0,FALSE
162-91093,P,2023,0,0,0,0,0,0,0,0,0,0,0,0,0,1,0,FALSE
162-91094,P,2023,0,0,0,0,0,0,0,0,0,0,0,0,0,1,0,FALSE
162-91095,P,2023,0,0,0,0,0,0,0,0,0,0,0,0,0,1,0,FALSE
162-91096,P,2023,0,0,0,0,0,0,0,0,0,0,0,0,0,1,0,FALSE
162-91097,P,2023,0,0,0,0,0,0,0,0,0,0,0,0,0,1,0,FALSE
162-91098,P,2023,0,0,0,0,0,0,0,0,0,0,0,0,0,1,0,FALSE
162-91099,P,2023,0,0,0,0,0,0,0,0,0,0,0,0,0,1,0,FALSE
162-91100,P,2023,0,0,0,0,0,0,0,0,0,0,0,0,0,1,0,FALSE
162-91101,P,2023,0,0,0,0,0,0,0,0,0,0,0,0,0,1,0,FALSE
162-91102,P,2023,0,0,0,0,0,0,0,0,0,0,0,0,0,1,0,FALSE
162-91103,P,2023,0,0,0,0,0,0,0,0,0,0,0,0,0,1,0,FALSE
162-91104,P,2023,0,0,0,0,0,0,0,0,0,0,0,0,0,1,0,FALSE
162-91105,P,2023,0,0,0,0,0,0,0,0,0,0,0,0,0,1,0,FALSE
162-91106,A,2023,0,0,0,0,0,0,0,0,0,0,0,0,0,1,1,TRUE
162-91107,P,2023,0,0,0,0,0,0,0,0,0,0,0,0,0,1,0,FALSE
162-91108,A,2023,0,0,0,0,0,0,0,0,0,0,0,0,0,1,0,TRUE
162-91109,A,2023,0,0,0,0,0,0,0,0,0,0,0,0,0,1,0,TRUE
162-91110,P,2023,0,0,0,0,0,0,0,0,0,0,0,0,0,1,0,FALSE
162-91111,P,2023,0,0,0,0,0,0,0,0,0,0,0,0,0,1,0,FALSE
162-91112,P,2023,0,0,0,0,0,0,0,0,0,0,0,0,0,1,0,FALSE
162-91113,P,2023,0,0,0,0,0,0,0,0,0,0,0,0,0,1,0,FALSE
162-91114,P,2023,0,0,0,0,0,0,0,0,0,0,0,0,0,1,0,FALSE
162-91115,P,2023,0,0,0,0,0,0,0,0,0,0,0,0,0,1,0,FALSE
162-91116,P,2023,0,0,0,0,0,0,0,0,0,0,0,0,0,1,0,FALSE
162-91117,P,2023,0,0,0,0,0,0,0,0,0,0,0,0,0,1,0,FALSE
162-91118,P,2023,0,0,0,0,0,0,0,0,0,0,0,0,0,1,0,FALSE
162-91119,P,2023,0,0,0,0,0,0,0,0,0,0,0,0,0,1,0,FALSE
162-91120,P,2023,0,0,0,0,0,0,0,0,0,0,0,0,0,1,0,FALSE
162-91121,P,2023,0,0,0,0,0,0,0,0,0,0,0,0,0,1,0,FALSE
162-91122,P,2023,0,0,0,0,0,0,0,0,0,0,0,0,0,1,0,FALSE
162-91123,P,2023,0,0,0,0,0,0,0,0,0,0,0,0,0,1,0,FALSE
162-91124,P,2023,0,0,0,0,0,0,0,0,0,0,0,0,0,1,0,FALSE
162-91125,P,2023,0,0,0,0,0,0,0,0,0,0,0,0,0,1,0,FALSE
162-91126,P,2023,0,0,0,0,0,0,0,0,0,0,0,0,0,1,0,FALSE
162-91127,P,2023,0,0,0,0,0,0,0,0,0,0,0,0,0,1,0,FALSE
162-91128,A,2023,0,0,0,0,0,0,0,0,0,0,0,0,0,1,0,TRUE
162-91129,P,2023,0,0,0,0,0,0,0,0,0,0,0,0,0,1,0,FALSE
162-91130,P,2023,0,0,0,0,0,0,0,0,0,0,0,0,0,1,0,FALSE
162-91131,P,2023,0,0,0,0,0,0,0,0,0,0,0,0,0,1,0,FALSE
162-91132,P,2023,0,0,0,0,0,0,0,0,0,0,0,0,0,1,0,FALSE
162-91133,P,2023,0,0,0,0,0,0,0,0,0,0,0,0,0,1,0,FALSE
162-91134,P,2023,0,0,0,0,0,0,0,0,0,0,0,0,0,1,0,FALSE
162-91135,P,2023,0,0,0,0,0,0,0,0,0,0,0,0,0,1,0,FALSE
162-91136,P,2023,0,0,0,0,0,0,0,0,0,0,0,0,0,1,0,FALSE
162-91137,P,2023,0,0,0,0,0,0,0,0,0,0,0,0,0,1,0,FALSE
162-91138,P,2023,0,0,0,0,0,0,0,0,0,0,0,0,0,1,0,FALSE
162-91139,P,2023,0,0,0,0,0,0,0,0,0,0,0,0,0,1,0,FALSE
162-91140,P,2023,0,0,0,0,0,0,0,0,0,0,0,0,0,1,0,FALSE
162-91141,P,2023,0,0,0,0,0,0,0,0,0,0,0,0,0,1,0,FALSE
162-91142,P,2023,0,0,0,0,0,0,0,0,0,0,0,0,0,1,0,FALSE
162-91143,P,2023,0,0,0,0,0,0,0,0,0,0,0,0,0,1,0,FALSE
162-91144,P,2023,0,0,0,0,0,0,0,0,0,0,0,0,0,1,0,FALSE
162-91145,P,2023,0,0,0,0,0,0,0,0,0,0,0,0,0,1,0,FALSE
162-91146,P,2023,0,0,0,0,0,0,0,0,0,0,0,0,0,1,0,FALSE
162-91147,P,2023,0,0,0,0,0,0,0,0,0,0,0,0,0,1,0,FALSE
162-91148,P,2023,0,0,0,0,0,0,0,0,0,0,0,0,0,1,0,FALSE
162-91149,P,2023,0,0,0,0,0,0,0,0,0,0,0,0,0,1,0,FALSE
162-91150,P,2023,0,0,0,0,0,0,0,0,0,0,0,0,0,1,0,FALSE
162-97240,P,2011,0,1,0,0,0,0,0,0,0,0,0,0,0,0,0,FALSE
162-97241,P,2011,0,1,0,0,0,0,0,0,0,0,0,0,0,0,0,FALSE
162-97242,P,2011,0,1,0,0,0,0,0,0,0,0,0,0,0,0,0,FALSE
162-97243,P,2011,0,1,0,0,0,0,0,0,0,0,0,0,0,0,0,FALSE
162-97244,P,2011,0,1,0,0,0,0,0,0,0,0,0,0,0,0,0,FALSE
162-97245,P,2011,0,1,0,0,0,0,0,0,0,0,0,0,0,0,0,FALSE
162-97246,P,2011,0,1,0,0,0,0,0,0,0,0,0,0,0,0,0,FALSE
162-97247,P,2011,0,1,0,0,0,0,0,0,0,0,0,0,0,0,0,FALSE
162-97248,P,2011,0,1,0,0,0,0,0,0,0,0,0,0,0,0,0,FALSE
162-97249,P,2011,0,1,0,0,0,0,0,0,0,0,0,0,0,0,0,FALSE
162-97250,P,2011,0,1,0,0,0,0,0,0,0,0,0,0,0,0,0,FALSE
162-97251,P,2011,0,1,0,0,0,0,0,0,0,0,0,0,0,0,0,FALSE
162-97252,P,2011,0,1,0,0,0,0,0,0,0,0,0,0,0,0,0,FALSE
162-97253,P,2011,0,1,0,0,0,0,0,0,0,0,0,0,0,0,0,FALSE
162-97254,P,2011,0,1,0,0,0,0,0,0,0,0,0,0,0,0,0,FALSE
162-97255,P,2011,0,1,0,0,0,0,0,0,0,0,0,0,0,0,0,FALSE
162-97256,P,2011,0,1,0,0,0,0,0,0,0,0,0,0,0,0,0,FALSE
162-97257,P,2011,0,1,0,0,0,0,0,0,0,0,0,0,0,0,0,FALSE
162-97258,P,2011,0,1,0,0,0,0,0,0,0,0,0,0,1,0,0,TRUE
162-97259,P,2011,0,1,0,0,0,0,0,0,0,0,0,0,0,0,0,FALSE
162-97260,P,2011,0,1,0,0,0,0,0,0,0,0,0,0,0,0,0,FALSE
162-97261,P,2011,0,1,0,0,0,0,0,0,0,0,0,0,0,0,0,FALSE
162-97262,P,2011,0,1,0,0,0,0,0,0,0,0,0,0,0,0,0,FALSE
162-97263,P,2011,0,1,0,0,0,0,0,0,0,0,0,0,0,0,0,FALSE
380-00062,A,2015,0,0,0,0,0,1,0,0,0,0,0,0,0,0,0,TRUE
162-89705,A,2023,0,0,0,0,0,0,0,0,0,0,0,0,0,1,1,TRUE
162-89706,A,2023,0,0,0,0,0,0,0,0,0,0,0,0,0,1,1,TRUE
162-89707,A,2023,0,0,0,0,0,0,0,0,0,0,0,0,0,1,0,TRUE
162-89708,A,2023,0,0,0,0,0,0,0,0,0,0,0,0,0,1,0,TRUE
162-89709,A,2023,0,0,0,0,0,0,0,0,0,0,0,0,0,1,0,TRUE
162-89710,A,2023,0,0,0,0,0,0,0,0,0,0,0,0,0,1,0,TRUE
162-89711,A,2023,0,0,0,0,0,0,0,0,0,0,0,0,0,1,1,TRUE
162-89712,A,2023,0,0,0,0,0,0,0,0,0,0,0,0,0,1,0,TRUE
162-89713,A,2023,0,0,0,0,0,0,0,0,0,0,0,0,0,1,0,TRUE
162-89714,A,2023,0,0,0,0,0,0,0,0,0,0,0,0,0,1,1,TRUE
162-89715,A,2023,0,0,0,0,0,0,0,0,0,0,0,0,0,1,0,TRUE
162-89716,A,2023,0,0,0,0,0,0,0,0,0,0,0,0,0,1,1,TRUE
162-89717,A,2023,0,0,0,0,0,0,0,0,0,0,0,0,0,1,0,TRUE
162-89718,A,2023,0,0,0,0,0,0,0,0,0,0,0,0,0,1,1,TRUE
162-89719,A,2023,0,0,0,0,0,0,0,0,0,0,0,0,0,1,1,TRUE
162-89720,A,2023,0,0,0,0,0,0,0,0,0,0,0,0,0,1,1,TRUE
162-89721,A,2023,0,0,0,0,0,0,0,0,0,0,0,0,0,1,1,TRUE
162-89722,A,2023,0,0,0,0,0,0,0,0,0,0,0,0,0,1,0,TRUE
162-89723,A,2023,0,0,0,0,0,0,0,0,0,0,0,0,0,1,0,TRUE
162-89724,A,2023,0,0,0,0,0,0,0,0,0,0,0,0,0,1,1,TRUE
162-89725,A,2023,0,0,0,0,0,0,0,0,0,0,0,0,0,1,0,TRUE
162-89726,A,2023,0,0,0,0,0,0,0,0,0,0,0,0,0,1,0,TRUE
162-89727,A,2023,0,0,0,0,0,0,0,0,0,0,0,0,0,1,0,TRUE
162-89728,A,2023,0,0,0,0,0,0,0,0,0,0,0,0,0,1,0,TRUE
162-89729,A,2023,0,0,0,0,0,0,0,0,0,0,0,0,0,1,0,TRUE
162-89730,A,2023,0,0,0,0,0,0,0,0,0,0,0,0,0,1,0,TRUE
162-89731,A,2023,0,0,0,0,0,0,0,0,0,0,0,0,0,1,0,TRUE
162-89732,A,2023,0,0,0,0,0,0,0,0,0,0,0,0,0,1,1,TRUE
162-89552,A,2024,0,0,0,0,0,0,0,0,0,0,0,0,0,0,1,TRUE
162-89553,A,2024,0,0,0,0,0,0,0,0,0,0,0,0,0,0,1,TRUE
162-89554,A,2024,0,0,0,0,0,0,0,0,0,0,0,0,0,0,1,TRUE
162-89555,A,2024,0,0,0,0,0,0,0,0,0,0,0,0,0,0,1,TRUE
162-89556,A,2024,0,0,0,0,0,0,0,0,0,0,0,0,0,0,1,TRUE
162-89557,A,2024,0,0,0,0,0,0,0,0,0,0,0,0,0,0,1,TRUE
162-89558,A,2024,0,0,0,0,0,0,0,0,0,0,0,0,0,0,1,TRUE
162-89559,A,2024,0,0,0,0,0,0,0,0,0,0,0,0,0,0,1,TRUE
162-89560,A,2024,0,0,0,0,0,0,0,0,0,0,0,0,0,0,1,TRUE
162-89561,A,2024,0,0,0,0,0,0,0,0,0,0,0,0,0,0,1,TRUE
162-89562,A,2024,0,0,0,0,0,0,0,0,0,0,0,0,0,0,1,TRUE
162-89563,A,2024,0,0,0,0,0,0,0,0,0,0,0,0,0,0,1,TRUE
162-89564,A,2024,0,0,0,0,0,0,0,0,0,0,0,0,0,0,1,TRUE
162-89565,A,2024,0,0,0,0,0,0,0,0,0,0,0,0,0,0,1,TRUE
162-89566,A,2024,0,0,0,0,0,0,0,0,0,0,0,0,0,0,1,TRUE
162-89567,A,2024,0,0,0,0,0,0,0,0,0,0,0,0,0,0,1,TRUE
162-89568,A,2024,0,0,0,0,0,0,0,0,0,0,0,0,0,0,1,TRUE
162-89569,A,2024,0,0,0,0,0,0,0,0,0,0,0,0,0,0,1,TRUE
162-89570,A,2024,0,0,0,0,0,0,0,0,0,0,0,0,0,0,1,TRUE
162-89571,A,2024,0,0,0,0,0,0,0,0,0,0,0,0,0,0,1,TRUE
162-89573,A,2024,0,0,0,0,0,0,0,0,0,0,0,0,0,0,1,TRUE
